facility_id,company,facility_name,product_type,product,status,city,state,country,latitude,longitude,hq_country,workforce,production_capacity_raw,production_units,brief_profile,supply_chain_segment,material_keywords,capacity_source,supplier_concentration,import_dependency,import_origin_region,lead_time_weeks
1003,Albemarle Corporation,"Albemarle Corporation, Silver Peak NV",Cathode raw materials,Lithium carbonate - crude,Commercial,Silver Peak,Nevada,US,37.740208,-117.792319,US,75,5000,MT contained Li/yr,"Albemarle is a chemical company that provides lithium carbonate and lithium hydroxide as cathode precursors, lithium bis-(oxalato)borate for liquid electrolytes, and lithium sulfide as a solid electrolyte.",Upstream,lithium,naatbatt,False,False,"{""lithium"": ""Nevada""}",14
1004,Albemarle Corporation,"Albemarle - Kings Mountain, NC",Cathode raw materials,Lithium hydroxide - crude,Commercial,Kings Mountain,North Carolina,US,35.2204657358747,-81.3416526754922,US,170,5500,MT contained Li/yr,"Albemarle is a chemical company that provides lithium carbonate and lithium hydroxide as cathode precursors, lithium bis-(oxalato)borate for liquid electrolytes, and lithium sulfide as a solid electrolyte.",Upstream,lithium,naatbatt,False,False,"{""lithium"": ""North Carolina""}",14
1015,Compass Minerals,"Salt, SOP and Magnesium Chloride Plants",Direct lithium extraction,Lithium,Commercial,Ogden,Utah,US,41.2835822648447,-112.226727704075,US,400,11000,MT contained Li/yr,Compass Minerals is a leading provider of essential minerals and is expanding its portfolio to include lithium extraction.,Upstream,lithium,naatbatt,False,False,"{""lithium"": ""Utah""}",14
1018,Eagle Graphite,Black Crystal Graphite Quarry,Anode raw materials,Natural graphite,Commercial,Slocan Park,British Columbia,Canada,49.5296673163803,-117.613206249377,Canada,8,2500,MT,"Eagle Graphite is a mining company producing battery-grade graphite from its Black Crystal Quarry in British Columbia, Canada.",Upstream,graphite,naatbatt,False,False,"{""graphite"": ""British Columbia""}",15
1025,G6 Energy Corp,Kearney Mine,Anode raw materials,Natural graphite,Commercial,Kearney,Ontario,Canada,45.6316667429544,-79.1151241592956,Canada,20,48000,MT contained graphite/yr,"G6 Energy Corp. is a private  company based in Toronto, Ontario that is developing a fully integrated natural graphite anode material producer.",Upstream,graphite,naatbatt,False,False,"{""graphite"": ""Ontario""}",15
1026,GKN Hoeganaes Gallatin,GKN Hoeganaes Gallatin,Cathode raw materials,Iron powder,Commercial,Gallatin,Tennessee,US,36.3722062894531,-86.4224575576703,UK,220,250000,MT/year,"GKN Hoeganaes Gallatin specializes in water-atomized iron powder production and material manufacturing for a variety of industries. With seven manufacturing facilities, it provides localized supply and support to customers worldwide.",Upstream,,naatbatt,False,False,{},12
1027,Glencore,Raglan Mine,Cathode raw materials,Nickel concentrates,Commercial,Rouyn-Noranda,Quebec,Canada,48.2138169140466,-78.8283340022725,Switzerland,640,40000,MT contained Ni/yr,"Glencore is one of the world’s largest global diversified natural resource companies and a major producer of more than 60 commodities, including nickel and cobalt for the lithium-ion supply chain. ",Upstream,nickel,naatbatt,False,False,"{""nickel"": ""Quebec""}",14
1028,Glencore,Raglan Mine,Cathode raw materials,Cobalt concentrates,Commercial,Rouyn-Noranda,Quebec,Canada,48.2138169140466,-78.8283340022725,Switzerland,640,827,MT contained Co/yr,"Glencore is one of the world’s largest global diversified natural resource companies and a major producer of more than 60 commodities, including nickel and cobalt for the lithium-ion supply chain. ",Upstream,cobalt,naatbatt,True,False,"{""cobalt"": ""Quebec""}",17
1029,Glencore,Glencore Sudbury INO,Cathode raw materials,Nickel matte,Commercial,Sudbury,Ontario,Canada,46.5869311328918,-80.7699224862622,Switzerland,600,75695,MT contained metal/yr,"Glencore is one of the world’s largest global diversified natural resource companies and a major producer of more than 60 commodities, including nickel and cobalt for the lithium-ion supply chain. ",Upstream,nickel,naatbatt,False,False,"{""nickel"": ""Ontario""}",14
1030,Glencore,Glencore Sudbury INO,Cathode raw materials,Cobalt,Commercial,Sudbury,Ontario,Canada,46.5869311328918,-80.7699224862622,Switzerland,600,400,MT contained metal/yr,"Glencore is one of the world’s largest global diversified natural resource companies and a major producer of more than 60 commodities, including nickel and cobalt for the lithium-ion supply chain. ",Upstream,cobalt,naatbatt,True,False,"{""cobalt"": ""Ontario""}",17
1037,Ionic Mineral Technologies,Provo Production Campus,Anode raw materials,Nano-silicon,Commercial,Provo,Utah,US,40.2249803208373,-111.713837003827,US,11,2000,MT Nano-silicon Anode active material,"Ionic Mineral Technologies is a vertically-integrated company supplying naturally derived, drop-in anode materials using a patented technology. Ionic Mineral Technologies owns the highest purity deposit of nano-structured clay.",Upstream,silicon,naatbatt,False,False,"{""silicon"": ""Utah""}",13
1044,Lundin Mining,Eagle Mine,Cathode raw materials,Nickel ore,Commercial,Michigamme Township,Michigan,US,46.7501617056466,-87.8999892734919,Canada,200,19000,MT contained Ni/yr,Lundin Mining mines and processes copper and nickel ore. The nickel ore is ground down and separated to be used for cathodes.,Upstream,nickel,naatbatt,False,False,"{""nickel"": ""Michigan""}",14
1045,Lundin Mining,Humboldt mill,Cathode raw materials,Nickel concentrates,Commercial,Champion,Michigan,US,46.4840711539452,-87.89823601583,Canada,200,19000,MT contained Ni/yr,Lundin Mining mines and processes copper and nickel ore. The nickel ore is ground down and separated to be used for cathodes.,Upstream,nickel,naatbatt,False,False,"{""nickel"": ""Michigan""}",14
1050,Minera y Metalúrgica del Boleo,El Boleo Mine,Cathode raw materials,Cobalt concentrates,Commercial,Santa Rosalía,Baja California Sur,Mexico,27.3337,112.3309,South Korea,1200,800,MT/yr,Minera y Metalúrgica del Boleo operates an industrial mining complex specializing in high-purity copper cathodes and metallic cobalt using advanced hydrometallurgical leaching and on-site power and desalination infrastructure.,Upstream,cobalt,naatbatt,True,False,"{""cobalt"": ""Baja California Sur""}",17
1051,Missouri Cobalt LLC,Madison mine,Cathode raw materials,Cobalt concentrates,Commercial,Fredericktown,Missouri,US,37.5650966269463,-90.2925894590477,US,50,300,MT/day Co concentrate,"Missouri Cobalt mines and process cobalt, nickel, and copper ore. Ores are separated using froth floatation.",Upstream,cobalt,naatbatt,True,False,"{""cobalt"": ""Missouri""}",17
1062,Northern Graphite,Lac des Îles Graphite Mine,Mining & metals ,Graphite concentrates,Commercial,Lac-des-Îles,Quebec,Canada,46.4674,75.309,Canada,65,15000,MT contained graphite/yr,Northern Graphite is the only significant flake graphite producer in North America. The company is transitioning into a vertically integrated mine-to-market supplier.,Upstream,graphite,naatbatt,False,False,"{""graphite"": ""Quebec""}",15
1064,Northern Graphite Corp.,Lac des Iles,Anode raw materials,Graphite concentrates,Commercial,Lac-des-Îles,Quebec,Canada,46.3721276101257,-75.5289504885918,Canada,,15000,MT/yr graphite concentrates,Northern Graphite is a graphite mine and processing plant. It also has plans to incorporate a nickel/cobalt and mine in the future. ,Upstream,graphite,naatbatt,False,False,"{""graphite"": ""Quebec""}",15
1069,Rio Tinto,U.S. Borax,Cathode raw materials,Lithium Carbonate,Commercial,Boron,California,US,35.1664787692916,-117.679300430031,UK,1000,10000,MT contained Li/yr,"Rio Tinto is a global mining company developing lithium production from waste rock at its Boron, California, operation.",Upstream,lithium,naatbatt,False,False,"{""lithium"": ""California""}",14
1072,Sayona Quebec Inc.,North American Lithium Mining Complex,Cathode raw materials,Spodumene concentrates,Commercial,La Corne,Quebec,Canada,48.5915601144316,-77.8821213087758,Australia,100,140000,MT contained Li/yr,"Sayona works in Quebec to explore, extract, and produce lithium at five sites throughout the Abitibi-Temiscamingue and Eeyou Itschee James Bay regions. ",Upstream,,naatbatt,False,False,{},12
1078,South Star Battery Metals Corp,BamaStar Project (USA),Anode raw materials,Flake crystalline graphite concentrate ,Commercial,Coosa County,Alabama,US,32.957258,-86.173889,Canada,50,,,"South Star focuses on acquiring and developing near-term production projects, delivering value in the industrial and battery metals sector through strong financial and operational metrics.",Upstream,graphite,unknown,False,False,"{""graphite"": ""Alabama""}",17
1079,South32,South32,Mining & metals ,Zinc and manganese,Commercial,Tucson,Arizona,US,32.28636,-110.944512,Australia,100,,,South32 is a global mining company producing essential commodities while diversifying by commodity and location. It strives to minimize impact and create lasting value for all stakeholders.,Upstream,manganese,unknown,False,False,"{""manganese"": ""Arizona""}",17
1091,Titan Lithium,Titan Lithium,Lithium,Lithium,Commercial,Las Vegas,Nevada,US,36.0973881773246,-115.192834826986,China,200,,,"Titan Lithium is a project of China Dongsheng International Lithium, a Nevada-based lithium explorer and developer advancing its lithium project in Nye County, Nevada. ",Upstream,lithium,unknown,False,False,"{""lithium"": ""Nevada""}",16
1095,Vale Canada Ltd.,Sudbury Basin - Copper Cliff Complex,Cathode raw materials,Cobalt concentrates,Commercial,Copper Cliff,Ontario,Canada,46.4774886388054,-81.064097430404,Brazil,1200,1000,MT contained Co/yr,"Vale is an international mining company. Within North America, it mines nickel and cobalt. It also handles the purification and shipment of many of its products.",Upstream,cobalt,naatbatt,True,False,"{""cobalt"": ""Ontario""}",17
1096,Vale Canada Ltd.,Thompson,Cathode raw materials,Cobalt concentrates,Commercial,Thompson,Manitoba,Canada,55.7128881764443,-97.8507102994628,Brazil,450,800,MT contained Co/yr,"Vale is an international mining company. Within North America, it mines nickel and cobalt. It also handles the purification and shipment of many of its products.",Upstream,cobalt,naatbatt,True,False,"{""cobalt"": ""Manitoba""}",17
1097,Vale Canada Ltd.,Voisey Bay,Cathode raw materials,Cobalt concentrates,Commercial,Happy Valley - Goose Bay,Newfoundland and Labrador,Canada,56.4943818645081,-62.069510044716,Brazil,450,2000,MT contained Co/yr,"Vale is an international mining company. Within North America, it mines nickel and cobalt. It also handles the purification and shipment of many of its products.",Upstream,cobalt,naatbatt,True,False,"{""cobalt"": ""Newfoundland and Labrador""}",17
1098,Vale Canada Ltd.,Sudbury Basin - Copper Cliff Complex,Cathode raw materials,Nickel concentrates,Commercial,Copper Cliff,Ontario,Canada,46.4774886388054,-81.064097430404,Brazil,1200,66000,MT contained Ni/yr,"Vale is an international mining company. Within North America, it mines nickel and cobalt. It also handles the purification and shipment of many of its products.",Upstream,nickel,naatbatt,False,False,"{""nickel"": ""Ontario""}",14
1099,Vale Canada Ltd.,Thompson,Cathode raw materials,Nickel concentrates,Commercial,Thompson,Manitoba,Canada,55.7128881764443,-97.8507102994628,Brazil,450,14800,MT contained Ni/yr,"Vale is an international mining company. Within North America, it mines nickel and cobalt. It also handles the purification and shipment of many of their products.",Upstream,nickel,naatbatt,False,False,"{""nickel"": ""Manitoba""}",14
1100,Vale Canada Ltd.,Voisey Bay,Cathode raw materials,Nickel concentrates,Commercial,Happy Valley - Goose Bay,Newfoundland and Labrador,Canada,56.4943818645081,-62.069510044716,Brazil,450,80000,MT contained Ni/yr,"Vale is an international mining company. Within North America, it mines nickel and cobalt. It also handles the purification and shipment of many of their products.",Upstream,nickel,naatbatt,False,False,"{""nickel"": ""Newfoundland and Labrador""}",14
1102,Westwater Resources Inc.,Coosa Graphite Project,Anode raw materials,Natural graphite,Commercial,Coosa County,Alabama,US,32.8896755477959,-86.2203335223391,US,15,7500,MT contained graphite/yr,Westwater is a startup graphite mining and processing company. The flake graphite can later be sed for battery anodes. The processing plant is under construction currently.,Upstream,graphite,naatbatt,False,False,"{""graphite"": ""Alabama""}",15
2004,ACP Technologies,ACP Technologies ,Anode Battery Grade Materials,Synthetic graphite,Commercial,St Clair Shores,Michigan,US,42.4656,-82.8999,US,20,,,"ACP Technologies focuses on developing domestic sources of affordable, carbon-based materials used in producing strategic materials such as carbon fiber, synthetic graphite, and carbon-carbon composites.",Midstream-BGM,graphite,unknown,False,True,"{""graphite"": ""China""}",15
2006,Advanced Carbon Products,Advanced Carbon Products,Anode Battery Grade Materials,Carbon-based materials,Commercial,Hitchins,Kentucky,US,38.2813031712109,-82.9154081730142,US,30,,,"Advanced Carbon Products, LLC specializes in developing carbon product technologies that convert low-value oils into high-value products, with the goal to reduce costs and provide cost-effective processes.",Midstream-BGM,graphite,unknown,False,True,"{""graphite"": ""China""}",15
2013,Allied Graphite,Allied Graphite Mesa Center,Anode Active Material,Coated Spherical graphite,Commercial,Mesa,Arizona,US,33.4725,-111.7371,US,65,1000,MT/yr,"Allied Graphite develops high-purity, coated spherical purified graphite anode materials. The company utilizes a proprietary, chemical-based purification process that avoids the use of hydrofluoric acid to produce battery-grade materials from natural flake graphite.",Midstream-BGM,graphite,naatbatt,False,True,"{""graphite"": ""China""}",13
2017,Anovion,Sanborn Plant,Anode Battery Grade Materials,Synthetic graphite,Commercial,Sanborn,New York,US,43.1307993722462,-78.9402936,US,30,5000,MT graphite/yr,"Anovion Technologies is a U.S-owned and based advanced materials business and commercial-scale manufacturer of premium, anode-grade, synthetic graphite. ",Midstream-BGM,graphite,naatbatt,False,True,"{""graphite"": ""Africa (Mozambique, Madagascar, Tanzania)""}",13
2022,Arcadium Lithium,"Bessemer City, NC",Anode Battery Grade Materials,Lithium metal,Commercial,Bessemer City,North Carolina,US,35.2797779315376,-81.3090211892144,Ireland,112,250,MT lithium/yr,"Arcadium Lithium (2024 merger of Alkem and Livent) delivers sustainable lithium products globally, from resources in Argentina and Australia and conversion assets in the U.S., Asia, and the U.K.  ",Midstream-BGM,lithium,naatbatt,False,True,"{""lithium"": ""Australia""}",10
2023,Arcadium Lithium,"Bessemer City, NC",Cathode Battery Grade Materials,Lithium hydroxide ,Commercial,Bessemer City,North Carolina,US,35.2797779315376,-81.3090211892144,Ireland,112,15000,MT Lithium hydroxide/yr,"Arcadium Lithium (2024 merger of Alkem and Livent) delivers sustainable lithium products globally, from resources in Argentina and Australia and conversion assets in the U.S., Asia, and the U.K.  ",Midstream-BGM,lithium,naatbatt,False,True,"{""lithium"": ""Chile""}",10
2029,BASF Toda America LLC,Toda America Battle Creek Lithium-ion Battery Material Manufacturing Plant I,Cathode Active Material ,Nickel cobalt aluminum oxide,Commercial,Battle Creek,Michigan,US,42.9707277521715,-85.4668560714269,Japan,9,1334,MT CAM/yr,"BASF TODA Battery Materials LLC provides cathode active materials, including Nickel Cobalt Aluminum oxide and Nickel Cobalt Manganese oxide, for lithium-ion batteries.",Midstream-BGM,"cobalt,nca,nickel,lithium",naatbatt,True,True,"{""cobalt"": ""Democratic Republic of the Congo"", ""nickel"": ""Indonesia"", ""lithium"": ""Australia""}",15
2030,BASF Toda America LLC,Toda America Battle Creek Lithium-ion Battery Material Manufacturing Plant II,Cathode Active Material ,Nickel manganese cobalt,Commercial,Battle Creek,Michigan,US,42.9707277521715,-85.4668560714269,Japan,9,1334,MT CAM/yr,"BASF TODA Battery Materials LLC provides cathode active materials, including Nickel Cobalt Aluminum oxide and Nickel Cobalt Manganese oxide, for lithium-ion batteries.",Midstream-BGM,"cobalt,nmc,nickel,manganese,lithium",naatbatt,True,True,"{""cobalt"": ""Democratic Republic of the Congo"", ""nickel"": ""Indonesia"", ""manganese"": ""Africa (South Africa, Gabon)"", ""lithium"": ""Australia""}",15
2031,BASF Toda America LLC,Toda America Battle Creek Lithium-ion Battery Material Manufacturing Plant III,Cathode Active Material ,Lithium manganese oxide,Commercial,Battle Creek,Michigan,US,42.9707277521715,-85.4668560714269,Japan,18,1334,MT CAM/yr,"BASF TODA Battery Materials LLC provides cathode active materials, including Nickel Cobalt Aluminum oxide and Nickel Cobalt Manganese oxide, for lithium-ion batteries.",Midstream-BGM,"lithium,manganese",naatbatt,False,True,"{""lithium"": ""China"", ""manganese"": ""Africa (South Africa, Gabon)""}",13
2032,BASF Toda America LLC,BASF Elyria Lithium-ion Battery Material Manufacturing Plant,Cathode Active Material ,Nickel manganese cobalt,Commercial,Elyria,Ohio,US,41.3716259601506,-82.1023341390719,Germany,146,2500,MT CAM/yr,"BASF TODA Battery Materials LLC provides cathode active materials, including Nickel Cobalt Aluminum oxide and Nickel Cobalt Manganese oxide, for lithium-ion batteries.",Midstream-BGM,"cobalt,nmc,nickel,manganese,lithium",naatbatt,True,True,"{""cobalt"": ""Democratic Republic of the Congo"", ""nickel"": ""Indonesia"", ""manganese"": ""Australia"", ""lithium"": ""China""}",15
2037,Boleo Copper Project,Boleo Copper/ Cobalt Mine,Cathode Battery Grade Materials,Cobalt oxide,Commercial,Santa Rosalia,Baja California Sur,Mexico,27.2,-112.18,Republic of Korea,2300,1700,MT,"The Boleo Project is an advanced-stage copper-cobalt-zinc-manganese deposit in Baja California Sur, employing both underground and open-pit mining methods.",Midstream-BGM,cobalt,naatbatt,True,False,{},12
2038,Borman Specialty Materials,Borman Specialty Materials,Cathode Battery Grade Materials,Other,Commercial,Henderson,Nevada,US,36.0356649534096,-115.000748304536,US,100,25000,MT,"The Borman operation, a descendant of a U.S. government magnesium manufacturing plant, produces a variety of specialty materials, including electrolytic manganese dioxide. ",Midstream-BGM,manganese,naatbatt,False,True,"{""manganese"": ""Africa (South Africa, Gabon)""}",13
2039,Cabot Corporation,Pampa,Cathode Battery Grade Materials,"Carbon nanotubes, carbon nanostructures, conductive carbon, dispersions",Commercial,Cabot Pampa,Texas,US,35.5100987071056,-101.014396619399,US,50,,,"Cabot Corporation is a specialty chemicals and performance materials company, providing conductive additives, fumed metal oxides for battery component stability, and aerogel to mitigate thermal runaway.",Midstream-BGM,cnt,unknown,False,False,{},10
2040,Cabot Corporation,Pampa,Anode Battery Grade Materials,"Carbon nanotubes, carbon nanostructures, conductive carbon, dispersions",Commercial,Cabot Pampa,Texas,US,35.5100987071056,-101.014396619399,US,50,,,"Cabot Corporation is a specialty chemicals and performance materials company, providing conductive additives, fumed metal oxides for battery component stability, and aerogel to mitigate thermal runaway.",Midstream-BGM,cnt,unknown,False,False,{},10
2057,GFL Americas LLC ,GFL Americas LLC ,Binder ,PVDF and Fluorochemicals,Commercial,Irving,Texas,US,32.8871871165412,-96.9679980036919,India,50,,,"GFL Americas, a subsidiary of India’s Gujarat Fluorochemicals Limited, is focused on fluorine-based products through product innovation in diverse end-use markets such PVDF binders for lithium-ion batteries.",Midstream-BGM,pvdf,unknown,True,True,"{""pvdf"": ""China""}",13
2058,GFS Chemicals,Columbus Plant,Electrolyte,"Sodium Perchlorate, Lithium Perchlorate, Lithium Nitrate, Lithium Iodide, Sodium Nitrate",Commercial,Columbus,Ohio,US,39.96,83.02,US,146,,,"Founded in 1928, GFS Chemicals is a third-generation, family-owned ISO 9001:2015 certified manufacturer.",Midstream-BGM,lithium,unknown,False,True,"{""lithium"": ""Australia""}",12
2065,Group14 Technologies,Group14 Woodinville Plant,Anode Active Material,Silicon composites,Commercial,Woodinville,Washington,US,47.8047167834816,-122.118126471601,US,150 (Planned),120,MT/yr,Group14 develops advanced silicon anode battery materials through a scalable modular manufacturing process that provides high energy density and cycle life sustainability. ,Midstream-BGM,silicon,naatbatt,False,False,{},8
2068,Innophos,Innophos,Cathode raw materials processing,Phosphates  precursors ,Commercial,East Windsor,New Jersey,US,40.3351897674728,-74.4766030169243,US,800,,,"
Innophos, a North American phosphate manufacturer, plays a key role in the LFP and LMFP battery materials supply chain, producing purified phosphoric acid and phosphate salts for cathodes and electrolytes.",Midstream-BGM,"lfp,lithium",unknown,False,True,"{""lithium"": ""China""}",14
2070,Ionic Mineral Technologies,Provo Production Campus,Anode Battery Grade Materials,Nano-silicon,Commercial,Provo,Utah,US,40.2249803208373,-111.713837003827,US,11,2000,MT Nano-silicon Anode active material,"Ionic Mineral Technologies is a vertically integrated company supplying naturally derived, drop-in anode materials using a patented technology. Ionic MT owns the highest purity deposit of nano-structured clay.",Midstream-BGM,silicon,naatbatt,False,False,{},8
2083,MIL Moses Lake Industries,MIL Moses Lake Industries,Anode Precursors,Silane,Commercial,Moses Lake,Washington,US,47.2031878981075,-119.294413185899,US,500,,,"Since 1984, Moses Lake Industries has been a top global supplier of high-performance chemicals for the semiconductor and flat panel industries.",Midstream-BGM,silicon,unknown,False,False,{},10
2084,MilliporeSigma,MilliporeSigma - MKE,Anode Active Material,Lithium Titanate (LTO),Commercial,Milwaukee,Wisconsin,US,43.1276400764157,-87.9491421462994,Germany,,250,KG/yr,"MilliporeSigma provides high-purity materials for innovative energy storage, supporting battery R&D and production with reliable, quality-driven products from a global supply chain.",Midstream-BGM,lithium,naatbatt,False,True,"{""lithium"": ""Australia""}",10
2087,Nano One Materials Corp.,Nano One CAM Facility,Cathode Active Material ,Lithium iron phosphate,Commercial,Candiac,Quebec,Canada,45.3740292740951,-73.6736126926168,Canada,132 (Planned),200,MT cathode active material/yr,"Nano One is a technology company with a focus on the production of cathode powders used in lithium-ion batteries. Its unique production boosts battery capacity, charge, cycling, and lowers cost.",Midstream-BGM,"lfp,lithium",naatbatt,False,True,"{""lithium"": ""Australia""}",10
2092,NEI Corp,NEI Cathode Manufacturing Plant,Cathode Active Materials,Nickel-based cathode powders,Commercial,Somerset,New Jersey,US,40.5429,-74.5516,US,30,2000,MT/yr,"NEI Corporation is a nanotechnology-focused materials company that develops and manufactures advanced cathode, anode, electrolyte, and protective coating solutions. It serves the lithium-ion and sodium-ion battery markets with both standard commercial powders and custom-synthesized materials.",Midstream-BGM,nickel,naatbatt,False,True,"{""nickel"": ""Philippines""}",11
2093,NEI Corp,NEI Anode Manufacturing Plant,Anode Active Material,Natural graphite,Commercial,Somerset,New Jersey,US,40.5429,-74.5516,US,30,,,"NEI Corporation is a nanotechnology-focused materials company that develops and manufactures advanced cathode, anode, electrolyte, and protective coating solutions. It serves the lithium-ion and sodium-ion battery markets with both standard commercial powders and custom-synthesized materials.",Midstream-BGM,graphite,unknown,False,True,"{""graphite"": ""China""}",15
2095,Ni-CAT ,Ni-CAT USA,Cathode Processing,"High Ni cathodes; NMC 622, 811, NCA for lithium ion cells",Commercial,Dover,Delaware,US,39.1567460472698,-75.5242036865082,Turkey,,,,"Ni-CAT  develops advanced, high-performance, high-Ni cathode  battery materials that meet industry standards, supporting the EV transition with innovative, cost-effective, and energy-dense solutions for a sustainable future.",Midstream-BGM,"nmc,nca,lithium,cobalt,nickel,manganese",unknown,True,True,"{""lithium"": ""Chile"", ""cobalt"": ""Indonesia"", ""nickel"": ""Philippines"", ""manganese"": ""Australia""}",16
2098,Novonix,Riverside,Anode Active Material,Synthetic graphite,Commercial,Chattanooga,Tennessee,US,35.0388653826694,-85.3240315162515,Australia,200,2000,MT synthetic graphite/yr,"Novonix provides advanced, high-performance materials, equipment, and services for the lithium-ion battery industry, with operations in the United States and Canada.",Midstream-BGM,graphite,naatbatt,False,True,"{""graphite"": ""China""}",13
2101,Nth Cycle,Fairfield Facility,Critical Metal Refining,Nickel-Cobalt Mixed Hydroxide Precipitate,Commercial,Fairfield,Ohio,US,39.34,-84.444,US,30,900,MT/yr,"Nth Cycle is a metal refining technology company. It utilizes a modular electro-extraction system to recover critical metals like nickel and cobalt from battery scrap and ore, producing high-purity battery-grade materials.",Midstream-BGM,"cobalt,nickel",naatbatt,True,False,{},12
2102,Pacific Industrial Development Corp,PIDC Trans-Tech,Anode Active Material,"LTO, TNO, HF Removal Additives, Separator Coatings",Commercial,Adamstown,Maryland,US,39.3134,-77.4789,US,,100,MT/yr,PIDC is a global advanced materials manufacturer specializing in high-purity inorganic chemicals.,Midstream-BGM,separator,naatbatt,True,True,"{""separator"": ""Japan / South Korea""}",9
2103,"Paraclete Energy, Inc.","Paraclete Energy, Inc.",Anode Battery Grade Materials,Silicon,Commercial,Chelsea,Michigan,US,42.3241646467791,-84.0337613176159,US,30,,,"Paraclete Energy Inc. manufactures high-capacity, cycle-stable silicon for the lithium-ion battery market, using a patented artificial SEI.",Midstream-BGM,silicon,unknown,False,False,{},10
2104,Piedmont Lithium,Piedmont Carolina Lithium,Cathode Battery Grade Materials,Lithium hydroxide ,Commercial,Bessemer City,North Carolina,US,35.3603611732435,-81.2964622485048,US,20,60000,MT/yr,"Piedmont Lithium is developing a world-class integrated lithium business in the United States, enabling the transition to a net-zero world and the creation of a clean energy economy in America. ",Midstream-BGM,lithium,naatbatt,False,True,"{""lithium"": ""Other / Diversified""}",10
2114,SGL Carbon,SGL Carbon LLC Morganton,Anode Battery Grade Materials,Natural graphite,Commercial,Morganton,North Carolina,US,35.7317910373324,-81.724254443171,Germany,90,5000,MT,"SGL Carbon is a technology-based development of carbon-based solutions, helping customers improve their performance by optimizing materials at the nano scale and delivering those improvements through sustainable, robust processes.",Midstream-BGM,graphite,naatbatt,False,True,"{""graphite"": ""China""}",13
2115,SGL Carbon,SGL Carbon LLC Sinking Spring,Anode Battery Grade Materials,Natural graphite  - battery grade ,Commercial,Sinking Spring,Pennsylvania,US,40.3043354996145,-76.0468817128781,Germany,30,,,"SGL Carbon is a technology-based development of carbon-based solutions, helping customers improve their performance by optimizing materials at the nanoscale and delivering those improvements through sustainable, robust processes.",Midstream-BGM,graphite,unknown,False,True,"{""graphite"": ""China""}",15
2116,SGL Carbon,SGL Carbon LLC St. Marys,Anode Battery Grade Materials,Natural graphite  - battery grade ,Commercial,St. Marys,Pennsylvania,US,41.431434406433,-78.5430456466953,Germany,240,,,"SGL Carbon is a technology-based development of carbon-based solutions, helping customers improve their performance by optimizing materials at the nanoscale and delivering those improvements through sustainable, robust processes.",Midstream-BGM,graphite,unknown,False,True,"{""graphite"": ""China""}",15
2117,SGL Carbon,SGL Carbon LLC Valencia,Anode Battery Grade Materials,Natural graphite  - battery grade ,Commercial,Valencia,California,US,34.4360557571004,-118.588908832101,Germany,70,,,"SGL Carbon is a technology-based development of carbon-based solutions, helping customers improve their performance by optimizing materials at the nanoscale and delivering those improvements through sustainable, robust processes.",Midstream-BGM,graphite,unknown,False,True,"{""graphite"": ""China""}",15
2118,Sherritt International,Fort Saskatchewan,Cathode Battery Grade Materials,"Nickel pellets, powder or rounds",Commercial,Fort Saskatchewan,Alberta,Canada,53.7196820665253,-113.190432815544,Toronto,750,31184,MT finished Ni/yr,"Sherritt leads in the global mining and refining of nickel and cobalt. It creates innovative, proprietary solutions for oil and mining companies to improve environmental and economic performance.",Midstream-BGM,nickel,naatbatt,False,True,"{""nickel"": ""Cuba / Madagascar""}",10
2119,Sherritt International,Fort Saskatchewan,Cathode Battery Grade Materials,"Cobalt pellets, powder or rounds",Commercial,Fort Saskatchewan,Alberta,Canada,53.7196820665253,-113.190432815544,Canada,750,3526,MT finished Co/yr,"Sherritt leads in the global mining and refining of nickel and cobalt. It creates innovative, proprietary solutions for oil and mining companies to improve environmental and economic performance.",Midstream-BGM,cobalt,naatbatt,True,True,"{""cobalt"": ""Cuba / Madagascar""}",13
2122,Sila Nanotechnologies,Moses Lake,Anode Active Material,Silicon composites,Commercial,Moses Lake,Washington,US,47.1414083173262,-119.191098368712,US,300 (Planned),300,MT/yr,"Sila delivers a market-proven nano-composite silicon anode to power lithium-ion batteries, with a commitment to quality, impactful innovation, and environmental health.",Midstream-BGM,silicon,naatbatt,False,False,{},8
2126,Sparkz Inc,Sparkz Sacramento Plant,Cathode Active Materials,FeCAM™ cathode material,Commercial,Sacramento,California,US,38.6833,-121.5908,US,50,5000,MT/yr,"Sparkz is a U.S.-based battery technology startup founded in 2019. It specializes in FeCAM™, a proprietary nickel-free and cobalt-free LFP (Lithium Iron Phosphate) cathode material.",Midstream-BGM,"lfp,lithium",naatbatt,False,True,"{""lithium"": ""Chile""}",10
2131,Sun Chemicals,Sun Chemical Spring Grove,Cathode Active Material,Iron oxide,Commercial,Cincinnati,Ohio,US,39.1705675555503,-84.5070579173727,US,,,,Sun Chemical manufactures ultra-pure iron oxides tailored for the battery industry as feedstock for LFP. It also operates many U.S. chemical factories that can make cathode materials.  ,Midstream-BGM,"lfp,lithium",unknown,False,True,"{""lithium"": ""Chile""}",12
2132,Superior Graphite,Chicago Plant #1,Anode Battery Grade Materials,Synthetic graphite,Commercial,Bedford Park,Illinois,US,41.7733441106208,-87.7522463440063,US,300,,,"Superior Graphite specializes in thermal purification, advanced sizing, and blending and coating technologies providing graphite and carbon-based solutions.",Midstream-BGM,graphite,unknown,False,True,"{""graphite"": ""China""}",15
2133,Superior Graphite,Chicago Plant #4,Anode Battery Grade Materials,Synthetic graphite,Commercial,Chicago,Illinois,US,41.827085773592,-87.7315177458598,US,300,,,"Superior Graphite specializes in thermal purification, advanced sizing, and blending and coating technologies providing graphite and carbon-based solutions.",Midstream-BGM,graphite,unknown,False,True,"{""graphite"": ""Other / Diversified""}",13
2135,TerraVolta,TerraVolta,Lithium extraction and Refinement,Lithium carbonate or hydroxide,Commercial,Houston,Texas,US,29.74903,-95.41449,US,5,,,"TerraVolta builds a reliable supply chain by delivering high-quality lithium (precursors)  for electric mobility across industries. It extracts lithium from brine, treat , dry, purify to Li carbonate and hydroxide.",Midstream-BGM,lithium,unknown,False,True,"{""lithium"": ""Australia""}",12
2141,The Mosaic Company,The Mosaic Company,Cathode Battery Grade Materials,Phosphoric acid,Commercial,Tampa,Florida,US,27.9473129287706,-82.4595835043621,US,4500,,,The Mosaic Company mines and processes phosphate and potash minerals into crop nutrients to help farmers produce more food per acre. ,Midstream-BGM,,unknown,False,False,{},10
2142,Toda Advanced Materials,Toda Advanced Materials Sarnia Lithium-ion Battery Material Manufacturing Plant,Precursor Cathode Active Material,Nickel cobalt aluminum oxide unlithiated hydroxide,Commercial,Sarnia,Ontario,Canada,42.9459691278389,-82.4181633997976,Japan,32,4000,MT precursor to cathode active material /yr,"TODA Advanced Materials developed a plant in Sarnia, Ontario, that produces iron oxide particles for rechargeable battery manufacturers. ",Midstream-BGM,"cobalt,nca,nickel,lithium",naatbatt,True,True,"{""cobalt"": ""Indonesia"", ""nickel"": ""Indonesia"", ""lithium"": ""Australia""}",14
2147,Vale Canada Ltd.,Copper Cliff Nickel Refinery (Sudbury),Cathode Battery Grade Materials,"Nickel pellets, powder or rounds",Commercial,Sudbury,Ontario,Canada,46.4481344250307,-81.0841214581597,Brazil,1000,66000,MT contained Ni/yr,"Vale is an international mining company. Within North America, it mines nickel and cobalt. It also handles the purification and shipment of many of its products.",Midstream-BGM,nickel,naatbatt,False,True,"{""nickel"": ""Philippines""}",11
2148,Vale Canada Ltd.,Copper Cliff Nickel Refinery (Sudbury),Cathode Battery Grade Materials,"Cobalt pellets, powder or rounds",Commercial,Sudbury,Ontario,Canada,46.4481344250307,-81.0841214581597,Brazil,1000,1400,MT contained Co/yr,"Vale is an international mining company. Within North America, it mines nickel and cobalt. It also handles the purification and shipment of many of its products.",Midstream-BGM,cobalt,naatbatt,True,True,"{""cobalt"": ""Democratic Republic of the Congo""}",15
2149,Vale Canada Ltd.,Long Harbour Processing Plant,Cathode Battery Grade Materials,"Nickel pellets, powder or rounds",Commercial,Long Harbour,Newfoundland and Labrador,Canada,47.4243557065834,-53.8166133581232,Brazil,250,50000,MT contained Ni/yr,"Vale is an international mining company. Within North America, it mines nickel and cobalt. It also handles the purification and shipment of many of its products.",Midstream-BGM,nickel,naatbatt,False,True,"{""nickel"": ""Philippines""}",11
2150,Vale Canada Ltd.,Long Harbour Processing Plant,Cathode Battery Grade Materials,"Cobalt pellets, powder or rounds",Commercial,Long Harbour,Newfoundland and Labrador,Canada,47.4243557065834,-53.8166133581232,Brazil,250,1700,MT contained Co/yr,"Vale is an international mining company. Within North America, it mines nickel and cobalt. It also handles the purification and shipment of many of its products.",Midstream-BGM,cobalt,naatbatt,True,True,"{""cobalt"": ""Democratic Republic of the Congo""}",15
4001, Altairnano, Altairnano,Prismatic pouch cells,Lithium titanium oxide,Commercial,Anderson,Indiana,US,40.0401271582771,-85.7281215313976,US,106,,,"Altairnano leverages nanoscale technologies for powerful lithium titanate solutions. Its unique nano cells bring advantages to electric grid, transportation, and industrial applications.",Midstream-Cell,lithium,unknown,False,True,"{""lithium"": ""Australia""}",10
4002,A123 Systems,A123 Advanced Engineering Center,Other/ Unknown cells,Lithium iron phosphate,Commercial,Novi,Michigan,US,42.4905518264606,-83.4870597421353,China,493,1,GWh/yr,"
 A123 Systems  aims to make the air fresher. It leads in batteries and control systems, boasting global patents and a renowned customer base after 20 years of innovation.",Midstream-Cell,"lfp,lithium",naatbatt,False,True,"{""lithium"": ""China""}",10
4003,"ABSL Power Solutions, Inc.","ABSL Power Solutions, Inc.",Other/ Unknown cells,Other/ Unknown,Commercial,Longmont,Colorado,US,40.1388017144287,-105.141052274996,US,100,,,"ABSL manufactures lithium-ion batteries for space applications. It conducts design, structural and thermal analysis to ensure their performance exceeds the most demanding requirements.",Midstream-Cell,lithium,unknown,False,True,"{""lithium"": ""Argentina""}",10
4004,Advanced Battery Concepts,Advanced Battery Concepts,Cell Manufacturing and Assembly,Sealed Bipolar Lead Acid,Commercial,Clare,Michigan,US,43.8458336122103,-84.7589573036524,US,50,,,"Advanced Battery Concepts delivers economical, socially, and environmentally responsible energy storage solutions with its advanced bipolar battery technology, driving a cleaner, more sustainable future.",Midstream-Cell,lead_acid,unknown,False,False,{},8
4006,AESC,US Plant,Prismatic pouch cells,Nickel manganese cobalt,Commercial,Smyrna,Tennessee,US,35.9601619115564,-86.4830481888173,Japan,350,3,GWh/yr,"
AESC Group leads the decarbonization revolution with artificial intelligence converging with the internet of things -driven battery solutions, globally pioneering high-performance EV and energy storage, accelerating the shift to a sustainable future.",Midstream-Cell,"cobalt,nmc,nickel,manganese,lithium",naatbatt,True,True,"{""cobalt"": ""Democratic Republic of the Congo"", ""nickel"": ""Indonesia"", ""manganese"": ""Australia"", ""lithium"": ""Chile""}",13
4011,American Lithium Energy,ALEC,Other/ Unknown cells,Other/ Unknown,Commercial,Vista,California,US,33.1362549676002,-117.243368889044,US,30,0,GWh/yr,"
American Lithium Energy leads with the world's highest energy density silicon-based lithium-ion batteries, setting industry safety benchmarks. Its patented technologies ensure powerful, long-lasting, and safe cells, eliminating trade-offs in energy density, life cycle, and safety.",Midstream-Cell,lithium,naatbatt,False,True,"{""lithium"": ""Australia""}",8
4013,Amprius,Amprius Lab,Pouch cells,Silicon nanowire anode,Commercial,Fremont,California,US,37.4682357259831,-121.925672668253,US,,0,GWh/yr,"Amprius pioneers the highest energy density lithium-ion batteries, enabling new applications and accelerating markets with indispensable storage capabilities using silicon nanowires.",Midstream-Cell,silicon,naatbatt,False,False,{},6
4015,Ateios Systems,Ateios Systems,LIB Manufacturing,Electrode,Commercial,Newberry,Indiana,US,38.9047142501389,-86.9189559195472,US,12,1,GWh/yr,"Ateios Systems, under a U.S. Army contract, will produce 3Ah Li-ion batteries with reduced fire risk, featuring Ateios electrolyte, graphene-based anode, and semi-solid-state, nickel-manganese-cobalt cathode for military use.",Midstream-Cell,lithium,naatbatt,False,True,"{""lithium"": ""Australia""}",8
4017,Blue Solutions Canada Inc.,Blue Solutions Canada Inc.,Prismatic metal can cells,Solid-state lithium-metal polymer (LMP®),Commercial,Boucherville,Quebec,Canada,45.5560910157497,-73.4251858444949,Canada,450,1,GWh/yr,"
Blue Solutions propels battery tech, elevating energy density, power, and safety. Its solid-state 100% tech, highly recyclable, secures an endurable future. ",Midstream-Cell,lithium,naatbatt,False,True,"{""lithium"": ""China""}",10
4020,Clarios,Clarios  Meadowbrook Battery Manufacturing Plant,Prismatic metal can cells,Lithium nickel cobalt aluminum oxide,Commercial,Holland,Michigan,US,42.75287521596,-86.1085884304932,US,85,1.646,GWh/yr,"Clarios develops advanced batteries for evolving transportation needs. It transforms insightful ideas into impactful realities, anticipating and delivering solutions with agility and flexibility.",Midstream-Cell,"cobalt,nca,lithium,nickel",naatbatt,True,True,"{""cobalt"": ""Democratic Republic of the Congo"", ""lithium"": ""Chile"", ""nickel"": ""Indonesia""}",13
4022,Dragonfly Energy Holdings Corp,Dragonfly Energy Manufacturing Facility,Cylindrical cells,LFP,Commercial,Reno,Nevada,US,39.4916,-119.7212,US,,0,GWh/yr,"Dragonfly Energy, based in Reno, manufactures lithium-ion batteries using a patented dry electrode process, supporting U.S. supply chains with Battle Born Batteries® for RV, marine, and off-grid applications.",Midstream-Cell,"lfp,lithium",naatbatt,False,True,"{""lithium"": ""Chile""}",8
4024,"EaglePicher Technologies, LLC",Aerospace Business Unit an Lithium Ion Center of Excellence,Cylindrical and Prismatic Can cells,Nickel manganese cobalt,Commercial,Joplin,Missouri,US,37.0643633646964,-94.4008597466067,US,750,,,"EaglePicher Technologies specializes in designing and manufacturing advanced lithium-ion batteries for various applications, including defense, aerospace, and medical devices, ensuring high-performance and reliability.",Midstream-Cell,"cobalt,nmc,nickel,manganese,lithium",unknown,True,True,"{""cobalt"": ""Democratic Republic of the Congo"", ""nickel"": ""Indonesia"", ""manganese"": ""Other / Diversified"", ""lithium"": ""Australia""}",15
4025,"EaglePicher Technologies, LLC",Defense Strategic Business Unit,Cylindrical and Prismatic Can cells,Nickel cobalt aluminum oxide,Commercial,Joplin,Missouri,US,37.0947870056513,-94.5283974730643,US,,0,GWh/yr,"EaglePicher Technologies specializes in designing and manufacturing advanced lithium-ion batteries for various applications, including defense, aerospace, and medical devices, ensuring high-performance and reliability.",Midstream-Cell,"cobalt,nca,nickel,lithium",naatbatt,True,True,"{""cobalt"": ""Democratic Republic of the Congo"", ""nickel"": ""Indonesia"", ""lithium"": ""Argentina""}",13
4026,"EaglePicher Technologies, LLC",Medical Power Production,Pouch and cylindrical Can cells,Lithium cobalt oxide,Commercial,Surrey,British Columbia,Canada,49.1519709108325,-122.859313630878,US,,,,"EaglePicher Technologies specializes in designing and manufacturing advanced lithium-ion batteries for various applications, including defense, aerospace, and medical devices, ensuring high-performance and reliability.",Midstream-Cell,"cobalt,lithium",unknown,True,True,"{""cobalt"": ""Democratic Republic of the Congo"", ""lithium"": ""Other / Diversified""}",15
4028,Electrovaya,Mississauga,Prismatic metal can cells,Nickel manganese cobalt,Commercial,Mississauga,Ontario,Canada,43.603811074217,-79.7379183582622,Canada,65,0,GWh/yr,"Pioneering the energy transformation with safe, durable lithium-ion batteries, Electrovaya's mission is to accelerate the energy transition with advanced technology for safer and better batteries.",Midstream-Cell,"cobalt,nmc,nickel,manganese,lithium",naatbatt,True,True,"{""cobalt"": ""Democratic Republic of the Congo"", ""nickel"": ""Indonesia"", ""manganese"": ""Africa (South Africa, Gabon)"", ""lithium"": ""Australia""}",13
4029,Electrovaya,Jamestown,Prismatic metal can cells,Nickel cobalt aluminum oxide,Commercial,Jamestown,New York,US,42.1013823145157,-79.2410981507215,Canada,250 (Planned),0,GWh/yr,"Pioneering the energy transformation with safe, durable lithium-ion batteries, Electrovaya's mission is to accelerate the energy transition with advanced technology for safer and better batteries.",Midstream-Cell,"cobalt,nca,nickel,lithium",naatbatt,True,True,"{""cobalt"": ""Democratic Republic of the Congo"", ""nickel"": ""Indonesia"", ""lithium"": ""Australia""}",13
4031,EnerSys,Quallion LLC,Prismatic metal can cells,Nickel manganese cobalt,Commercial,Sylmar,California,US,34.3022844602827,-118.461357446913,US,,,,"EnerSys provides energy storage systems and technology for industrial applications, manufacturing and distributing reserve and motive power batteries, chargers, power equipment, and accessories for telecommunications, utilities, medical, aerospace, and defense.",Midstream-Cell,"cobalt,nmc,nickel,manganese,lithium",unknown,True,True,"{""cobalt"": ""Other / Diversified"", ""nickel"": ""Indonesia"", ""manganese"": ""Other / Diversified"", ""lithium"": ""Other / Diversified""}",14
4033,EnerSys,EnerSys Advanced Systems,Cylindrical and prismatic can cells,Nickel cobalt manganese oxide,Commercial,Horsham,Pennsylvania,US,40.1873,-75.1432,US,,0,GWh/yr,"EnerSys provides energy storage systems and technology for industrial applications, manufacturing and distributing reserve and motive power batteries, chargers, power equipment, and accessories for telecommunications, utilities, medical, aerospace, and defense.",Midstream-Cell,"cobalt,nickel,manganese",naatbatt,True,True,"{""cobalt"": ""Other / Diversified"", ""nickel"": ""Indonesia"", ""manganese"": ""Australia""}",12
4035,Enpower Greentech,Enpower Greentech,Cell Manufacturing and Assembly,Lithium iron phosphate,Commercial,Ann Arbor,Michigan,US,42.277438082902,-83.8005848423289,US,127,,,"Enpower Greentech is a developer of energy storage battery technologies and services designed for renewable energy and smart power applications with focus on cell manufacturing, such as LFP.",Midstream-Cell,"lfp,lithium",unknown,False,True,"{""lithium"": ""China""}",12
4043,Forge Nano,Forge Nano,Cylindrical cells,Nickel manganese cobalt with ALD,Commercial,Thornton,Colorado,US,39.9204246777996,-104.98311545595,US,50,,,"Forge Nano, a materials science leader, accelerates manufacturing innovation and transforms product performance with its nanocoating technology, Atomic Armor.",Midstream-Cell,"cobalt,nmc,nickel,manganese,lithium",unknown,True,True,"{""cobalt"": ""Democratic Republic of the Congo"", ""nickel"": ""Indonesia"", ""manganese"": ""Africa (South Africa, Gabon)"", ""lithium"": ""Chile""}",15
4045,Form Energy,Form Energy,Battery Development,Iron-air batteries,Commercial,Weirton,West Virginia,US,40.4223,-80.5895,US,750,500,MWh/yr,"Form Energy is a U.S. company developing and manufacturing large-scale, iron-air batteries. Its technology is designed for multi-day energy storage to ensure a reliable electric grid.",Midstream-BGM,,naatbatt,False,False,{},8
4063,LG Energy Solution Ltd,LG Energy Solution Michigan Holland Battery Manufacturing Plant,Prismatic pouch cells,Nickel manganese cobalt,Commercial,Holland,Michigan,US,42.7557146219597,-86.0695218035115,Republic of Korea,1495,16,GWh/yr,"LG Energy Solution, subsidiary of the LG Chem,  is a key player in the EV battery market, manufacturing and designing lithium-ion batteries for electric vehicles and energy storage systems.",Midstream-Cell,"cobalt,nmc,nickel,manganese,lithium",naatbatt,True,True,"{""cobalt"": ""Democratic Republic of the Congo"", ""nickel"": ""Philippines"", ""manganese"": ""Other / Diversified"", ""lithium"": ""Other / Diversified""}",13
4068,"Lithion Battery, Inc.",Engineered Power Limited Partnership,Cylindrical cells,Lithium iron phosphate,Commercial,Calgary,Alberta,Canada,51.0648140682421,-113.989535457981,US,70,,,"Lithion Batteries, a vertically integrated manufacturer of battery cells and packs, produces custom, high-quality power solutions globally, emphasizing reliability in critical applications.",Midstream-Cell,"lfp,lithium",unknown,False,True,"{""lithium"": ""Australia""}",10
4069,"Lithion Battery, Inc.","Lithion Battery, Inc.",Cylindrical cells,Lithium iron phosphate,Commercial,Henderson,Nevada,US,36.0346916001221,-115.043187889192,US,31,0,GWh/yr,"Lithion Batteries, a vertically integrated manufacturer of battery cells and packs, produces custom, high-quality power solutions globally, emphasizing reliability in critical applications.",Midstream-Cell,"lfp,lithium",naatbatt,False,True,"{""lithium"": ""China""}",10
4073,Medtronic,Medtronic Energy and Component Center (MECC),Battery Development,Specialized li-ion batteries for implantable medical devices,Commercial,Brooklyn Center,Minnesota,US,45.0592,-93.3138,US,,0,GWh/yr,"Medtronic is a global medical technology company. It designs, tests, and manufactures its own specialized batteries for use in critical life-sustaining medical devices like pacemakers and neurostimulators.",Midstream-BGM,lithium,naatbatt,False,True,"{""lithium"": ""China""}",12
4076,Nanotech Energy,Nanotech Energy,Cylindrical cells,Cell,Commercial,Los Angeles,California,US,34.0437571310723,-118.467556002741,US,23,0,GWh/yr,Nanotech Energy delivers safe and efficient super material-based solutions for cutting-edge products. ,Midstream-Cell,lithium,naatbatt,False,True,"{""lithium"": ""Other / Diversified""}",8
4077,"Navitas Systems, LLC",Navitas Systems Venture Drive,Pouch cells,Nickel manganese cobalt,Commercial,Ann Arbor,Michigan,US,42.2888391999347,-83.8474457439946,US,118,0,GWh/yr,"Navitas Systems specializes in comprehensive energy storage solutions, manufacturing lithium cells and products for commercial and U.S. government/military customers. Its capabilities include advanced chemistries, electronics, system integration, and more.",Midstream-Cell,"cobalt,nmc,nickel,manganese,lithium",naatbatt,True,True,"{""cobalt"": ""Democratic Republic of the Congo"", ""nickel"": ""Indonesia"", ""manganese"": ""Africa (South Africa, Gabon)"", ""lithium"": ""Australia""}",13
4078,Nexeon,Nexeon,Electrode Materials,Silicon-based anode materials,Commercial,North Charleston,South Carolina,US,32.8843204905493,-79.9751381540034,US,5000,,,"Ingevity delivers solutions that purify, protect, and enhance, using innovative technologies to solve complex problems and promote sustainability.",Midstream-BGM,silicon,unknown,False,False,{},10
4081,Nuvvon Inc,Nuvvon US Lab,Cell,Solid-state battery,Commercial,Parsippany,New Jersey,US,40.8667,-74.4011,US,9,10,Ah,Nuvvon is a solid-state battery materials company developing next-generation energy storage solutions.,Midstream-Cell,"lithium,nickel",unknown,False,True,"{""lithium"": ""Australia"", ""nickel"": ""Indonesia""}",9
4082,"Our Next Energy, Inc.",ONE Circle Gigafactory,Prismatic Cells,Lithium iron phosphate,Commercial,Belleville,Michigan,US,42.2458674465168,-83.5462543573433,US,2100 (Planned),0,GWh/yr,"Our Next Energy is doubling the EV range, prioritizing safety with innovative chemistries, and building a North American supply chain with abundant materials for cost-effective, resilient batteries.",Midstream-Cell,"lfp,lithium",naatbatt,False,True,"{""lithium"": ""Australia""}",8
4083,Panasonic,De Soto Facility,Cylindrical cells,"Nickel manganese cobalt, NCA",Commercial,De Soto,Kansas,US,38.9409312131978,-95.0065400717227,Japan,4000  (Planned),5,GWh/yr,"With a century of experience making batteries, Panasonic is now focused on batteries for EVs that boast high safety, high capacity, and high energy density and building a factory in Kansas.",Midstream-Cell,"cobalt,nmc,nca,nickel,manganese,lithium",naatbatt,True,True,"{""cobalt"": ""Democratic Republic of the Congo"", ""nickel"": ""Indonesia"", ""manganese"": ""Africa (South Africa, Gabon)"", ""lithium"": ""Australia""}",13
4090,Saft America Inc,Saft America Jacksonville Lithium Ion Battery Manufacturing Plant,Pouch cells,NMC,Commercial,Jacksonville,Florida,US,30.79147,-81.88756,France,45,2,GWh/yr,"Saft delivers longer-lasting batteries and systems for critical safety applications, back-up power, and propulsion, ensuring high performance in various environments.",Midstream-Cell,"nmc,cobalt,nickel,manganese,lithium",naatbatt,True,True,"{""cobalt"": ""Indonesia"", ""nickel"": ""Indonesia"", ""manganese"": ""Africa (South Africa, Gabon)"", ""lithium"": ""Australia""}",13
4091,Saft America Inc,Saft America Cockeysville Lithium Ion Battery Manufacturing Plant,Cylindrical cells,NMC,Commercial,Cockeysville,Maryland,US,39.4788329384106,-76.6498489463849,France,,0,GWh/yr,"Saft delivers longer-lasting batteries and systems for critical safety applications, back-up power, and propulsion, ensuring high performance in various environments.",Midstream-Cell,"nmc,cobalt,nickel,manganese,lithium",naatbatt,True,True,"{""cobalt"": ""Indonesia"", ""nickel"": ""Indonesia"", ""manganese"": ""Africa (South Africa, Gabon)"", ""lithium"": ""China""}",13
4092,Sakuu Corp,Sakuu,Battery Development,Kavian™ 3D printing platform; Cypress® Li-Metal battery cells,Commercial,San Jose,California,US,37.2613744139406,-121.784331857672,US,60,,,"Sakuu is a leader in battery innovation, offering advanced solutions like the Kavian platform for sustainable, high-volume electrode printing and Cypress Li-Metal Cell technology for superior battery performance.",Midstream-BGM,lithium,unknown,False,True,"{""lithium"": ""China""}",14
4093,Samsung SDI America Inc.,Auburn Hills,Prismatic metal can cells,Other/ Unknown,Commercial,Auburn Hills,Michigan,US,42.7004122349081,-83.2707840576543,South Korea  ,500,,GWh/yr,"Samsung SDI America Inc. specializes in manufacturing lithium-ion batteries, energy storage systems, and electronic materials, focusing on applications in electric vehicles, renewable energy, and consumer electronics industries.",Midstream-Cell,"lithium,nmc,cobalt,nickel,manganese",unknown,True,True,"{""lithium"": ""Australia"", ""cobalt"": ""Democratic Republic of the Congo"", ""nickel"": ""Other / Diversified"", ""manganese"": ""Africa (South Africa, Gabon)""}",15
4095,SK Battery America,SK Battery America Commerce Georgia Battery Manufacturing Plant Phase I,Prismatic pouch cells,Nickel manganese cobalt,Commercial,Commerce,Georgia,US,34.2395817016472,-83.4834659287688,Republic of Korea,1300,10,GWh/yr,"SK Battery America, a subsidiary of SK Innovation, manufactures advanced lithium-ion batteries in various format and chemistries for electric vehicles at their production facilities in Georgia, USA.",Midstream-Cell,"cobalt,nmc,nickel,manganese,lithium",naatbatt,True,True,"{""cobalt"": ""Democratic Republic of the Congo"", ""nickel"": ""Indonesia"", ""manganese"": ""Africa (South Africa, Gabon)"", ""lithium"": ""Argentina""}",13
4097,Solid Power Inc.,Solid Power,Other/ Unknown cells,Other/ Unknown,Commercial,Louisville,Colorado,US,39.9637888198299,-105.121641843162,US,127,1,GWh/yr,"Solid Power develops all-solid-state batteries with higher energy and improved safety, for  a clean, sustainable future of battery-powered mobility.",Midstream-Cell,"lithium,nmc,cobalt,nickel,manganese",naatbatt,True,True,"{""lithium"": ""Chile"", ""cobalt"": ""Democratic Republic of the Congo"", ""nickel"": ""Indonesia"", ""manganese"": ""Africa (South Africa, Gabon)""}",13
4103,Stryten Energy,Ottowa Transportation Manufacturing Plant,Prismatic cell ,Other/ Unknown,Commercial,Ottawa,Ontario,Canada,45.3255969263634,-75.8369008306913,US,,,,"Stryten Energy offers a comprehensive range of advanced lead, lithium, and vanadium batteries, providing versatile energy solutions tailored to specific customer needs through diverse chemistry options.",Midstream-Cell,,unknown,False,False,{},8
4105,Tesla Inc ,Tesla Fremont Pilot Battery Manufacturing Plant,Cylindrical cells,Lithium nickel cobalt aluminum oxide,Commercial,Fremont,California,US,37.4815038573263,-121.933849299915,US,,4,GWh/yr,"Tesla supports the world’s energy transition at its hub for Model S, Model 3, Model X and Model Y production.",Midstream-Cell,"cobalt,nca,lithium,nickel",naatbatt,True,True,"{""cobalt"": ""Democratic Republic of the Congo"", ""lithium"": ""Argentina"", ""nickel"": ""Other / Diversified""}",13
4107,Tesla Inc.,Gigafactory Texas - Cell 1,Cylindrical cells,Lithium nickel cobalt aluminum oxide,Commercial,Austin,Texas,US,30.23,-97.6,US,400,10,GWh/yr,Tesla is building a lithium-ion battery gigafactory with over 10 million square feet of factory floor. Gigafactory Texas is a manufacturing hub for Model Y and the home of Cybertruck.,Midstream-Cell,"cobalt,nca,lithium,nickel",naatbatt,True,True,"{""cobalt"": ""Indonesia"", ""lithium"": ""Australia"", ""nickel"": ""Indonesia""}",12
4108,Toyota ,Toyota Battery Manufacturing North Carolina (TBMNC),Prismatic cell,NMC,Commercial,Liberty,North Carolina,US,35.8554259702831,-79.5706239770629,Japan,500 (Planned),30,GWh/yr,"
Toyota Battery Manufacturing, North Carolina, will produce lithium-ion batteries for our growing electrified vehicle range. It will be operational in 2025 with 100% renewable energy and six production lines.",Midstream-Cell,"nmc,cobalt,nickel,manganese,lithium",naatbatt,True,True,"{""cobalt"": ""Democratic Republic of the Congo"", ""nickel"": ""Indonesia"", ""manganese"": ""Africa (South Africa, Gabon)"", ""lithium"": ""Argentina""}",13
4109,Ultium Cells LLC (JV of GM and LG Energy Solution),Spring Hill Battery Manufacturing Plant,Prismatic pouch cells,"NMCA, LFP",Commercial,Spring Hill,Tennessee,US,35.7273977059276,-86.9670925341904,US,1700 (Planned),45,GWh/yr,"
Ultium Cells is producing batteries for  the future of transportation with cutting-edge battery cells crafted by innovation. Its committed to utilizing state-of-the-art industry methods for superior cell production. ",Midstream-Cell,"nmc,lfp,cobalt,nickel,manganese,lithium",naatbatt,True,True,"{""cobalt"": ""Indonesia"", ""nickel"": ""Indonesia"", ""manganese"": ""Australia"", ""lithium"": ""Australia""}",12
4110,Ultium Cells LLC (JV of GM and LG Energy Solution),Lordstown Manufacturing Plant,Prismatic cell,Nickel manganese cobalt,Commercial,Warren,Ohio,US,41.1522508340096,-80.8603973,US,1700,45,GWh/yr,"
Ultium Cells is producing batteries for  the future of transportation with cutting-edge battery cells crafted by innovation. Its committed to utilizing state-of-the-art industry methods for superior cell production. ",Midstream-Cell,"cobalt,nmc,nickel,manganese,lithium",naatbatt,True,True,"{""cobalt"": ""Democratic Republic of the Congo"", ""nickel"": ""Philippines"", ""manganese"": ""Australia"", ""lithium"": ""Chile""}",13
4111,Ultralife Corp,Ultralife Corp,Battery Development,Cell,Commercial,Newark,New York,US,43.056,77.07,US,,0,GWh/yr,"Ultralife Corporation designs and manufactures rugged batteries (both rechargeable and non‑rechargeable) and communications systems for defense, energy, medical, and industrial applications globally.",Midstream-BGM,,naatbatt,False,False,{},8
5001, Altairnano, Altairnano,Cell Assemblies/ Groupings,Modules/ Arrays,Commercial,Anderson,Indiana,US,40.0400450189953,-85.7280249711719,US,,,,"Altairnano leverages nanoscale technologies for powerful lithium titanate solutions. Its unique nano cells bring advantages to electric grid, transportation, and industrial applications.",Downstream,,unknown,False,False,{},6
5002, Altairnano, Altairnano,Cell Assemblies/ Groupings,Racks / Cabinets,Commercial,Anderson,Indiana,US,40.0400450189953,-85.7280249711719,US,,,,"Altairnano leverages nanoscale technologies for powerful lithium titanate solutions. Its unique nano cells bring advantages to electric grid, transportation, and industrial applications.",Downstream,,unknown,False,False,{},6
5003,AA Portable Power Corp.,AA Portable Power Corp.,Cell Assemblies/ Groupings,Packs,Commercial,Richmond,California,US,37.9208482060344,-122.352250245024,US,30,,,AA Portable Power Corp. (dba: Batteryspace.com) was founded in 2000 and became a reputable battery manufacturer over the years. ,Downstream,,unknown,False,False,{},6
5004,Accelera by Cummins,Accelera ,Assembly and Integration,Integrated Battery Packs for Trucks and Energy Storage,Commercial, Columbus,Indiana,US,40.6048783510483,-85.8580775791549,US,,,,"Accelera by Cummins provides a diverse portfolio of zero-emission solutions including lithium batteries for the world’s most economically vital industries, empowering them to accelerate the transition to a sustainable future.",Downstream,,unknown,False,False,{},6
5007,Advanced Thermal Solutions,ATS Norwood Manufacturing Center,Cooling plates,Pack materials,Commercial,Norwood,Massachusetts,US,42.1855,-71.205,US,,,,"ATS is a leading engineering and manufacturing firm specializing in thermal management. Since 1989, it has provided innovative cooling solutions including high-performance heat sinks, cold plates, and advanced liquid cooling systems.",Downstream,,unknown,False,False,{},6
5009,AESC,Smyrna Battery Plant,Cell Assemblies/ Groupings,Packs,Commercial,Smyrna,Tennessee,US,36.2176871172536,-86.4610295288187,Japan,400,,,"
AESC Group leads a revolution with artificial intelligence converging with the internet of things-driven battery solutions, globally pioneering high-performance EV and energy storage, accelerating the shift to an endurable future.",Downstream,,unknown,False,False,{},6
5013,Alpha Technologies,Alpha Technologies,Cell Assemblies/ Groupings,Modules/ Arrays,Commercial,Suwanee,Georgia,US,34.0190667141576,-84.0693988162346,US,,,,"Alpha Technologies, and EnerSys company, delivers integrated energy storage systems designed to meet the demands of a fast-evolving energy future, particularly in broadband and renewable energy applications.",Downstream,,unknown,False,False,{},6
5014,Ameresco,Ameresco,Assembly and Integration,Battery Energy Storage,Commercial,Lakewood,Colorado,US,39.7055270371832,-105.138418361793,US,,,,Ameresco – an independent provider of innovative energy efficiency renewable energy solutions throughout North America - offers unique expertise across an array of green energy services including battery energy storage.,Downstream,,unknown,False,False,{},6
5015,American Battery Solutions,Headquarters & Innovation Center,Battery Development,Packs Modules,Commercial,Lake Orion,Michigan,US,42.7270725353159,-83.2435929885638,US,156,2,MWh,American Battery Solutions delivered high-quality lithium-ion integrated battery solutions to meet energy needs,Downstream,,naatbatt,False,False,{},4
5016,American Battery Solutions,ABS Innovation Center,Battery Development,Packs,Commercial,Springboro,Ohio,US,39.5532,84.2625,US,,2,Gwh,American Battery Solutions delivers high-quality lithium-ion integrated battery solutions to meet energy needs,Downstream,,naatbatt,False,False,{},4
5018,Amphenol,Amphenol Optimize,Non-cell Components,Electrical Systems,Commercial,Nogales,Sonora,Mexico,31.2705702027366,-110.942321973979,US,,,,"Amphenol is a global leader in high-tech interconnect, sensor, and antenna solutions, catering to diverse markets such as automotive, aerospace, industrial, IT, military, and mobile technologies, driving electronic advancements worldwide.",Downstream,,unknown,False,False,{},6
5019,Amphenol,Amphenol Industrial Operations,Non-cell Components,Electrical Systems,Commercial,Sidney,New York,US,42.2952980988583,-75.414420844815,US,,,,"Amphenol Industrial Operations specializes in interconnect systems for harsh environments, offering a wide range of connectors and solutions for industrial, military, and other demanding applications​",Downstream,,unknown,False,False,{},6
5020,Amphenol,Amphenol Interconnect Products,Non-cell Components,Electrical Systems,Commercial,Endwell,New York,US,42.1089948574365,-76.013846431329,US,,,,"Amphenol IPC is a premier provider of integrated worldwide custom power solutions and cable assembly with a complete portfolio of leading-edge power solutions, advanced customization, and unparalleled customer support.",Downstream,,unknown,False,False,{},6
5021,Amphenol Advanced Sensors,Amphenol Advanced Sensors,Non-cell Components,Safety Systems,Commercial,St. Marys,Pennsylvania,US,41.4569318842375,-78.5592076178585,US,,,,"Amphenol Advanced Sensors excels in developing innovative sensing technologies and embedded measurement solutions for industry-specific and regulatory applications, enhancing decision-making through real-time critical information.






",Downstream,,unknown,False,False,{},6
5022,Amphenol Thermometrics,Amphenol Thermometrics St. Marys,Non-cell Components,Electrical Systems,Commercial,St. Marys,Pennsylvania,US,41.4569318842375,-78.5592076178585,US,,,,"Amphenol Thermometrics specializes in advanced temperature sensors, producing infrared sensors and NTC thermistors for non-contact temperature measurement and cryogenic liquid level detection, widely used in automotive, HVAC, and medical industries.",Downstream,,unknown,False,False,{},6
5023,Amphenol Thermometrics,Amphenol Thermometrics Tijuana,Non-cell Components,Safety Systems,Commercial,Tijuana,Baja California Sur,Mexico,32.5388032622566,-116.918655116274,US,,,,"Amphenol Thermometrics specializes in advanced temperature sensors, producing infrared sensors and NTC thermistors for non-contact temperature measurement and cryogenic liquid level detection, widely used in automotive, HVAC, and medical industries.",Downstream,,unknown,False,False,{},6
5026,Arkema,Arkema - Bostik Adhesives,Non-cell Components,Other/ Unknown,Commercial,Wauwatosa,Wisconsin,US,43.0474136491376,-88.0539510736251,US,,,,"Arkema, a leader in specialty materials, leverages its expertise in materials science to create innovative, sustainable materials, and particularly providing necessary materials for lithium-ion cell manufacturing",Downstream,pvdf,unknown,True,True,"{""pvdf"": ""Other / Diversified""}",7
5027,Aspen Aerogels,Advanced Thermal Barrier Center,Non-cell Components,Thermal Systems,Commercial,Marlborough,Massachusetts,US,42.3492093046406,-71.6230005037167,US,75,,,"Aspen Aerogels developed PyroThin®, the world’s first aerogel cell-to-cell barrier engineered for pouch and prismatic battery cell applications to protect from thermal runaway propagation. ",Downstream,,unknown,False,False,{},6
5028,ATC Drivetrain,ATC-Holland,Non-cell Components,Electrical Systems,Commercial,Holland,Michigan,US,42.7754841574662,-86.1265091178138,US,163,,,"ATC Drivetrain is expanding its remanufacturing capabilities to support vehicle electrification, focusing on three stages of EV battery life—remanufacturing, reuse, and recycling—to enhance cost efficiency and reduce environmental impact. ",Downstream,,unknown,False,False,{},6
5031,Battery Specialties,Battery Specialties,Cell Assemblies/ Groupings,Packs,Commercial,Costa Mesa,California,US,33.6974639136281,-117.930018258635,US,35,,,Battery Specialties is involved in industrial and commercial battery distribution.,Downstream,,unknown,False,False,{},6
5032,Beam,Broadview,Cell Assemblies/ Groupings,Modules/ Arrays,Commercial,Broadview,Illinois,US,41.85497697399,-87.8642746251388,US,44,,,AllCell Technology produces safe lithium-ion batteries. ,Downstream,,unknown,False,False,{},6
5033,BETA Technologies,South Burlington Production Facility,Assembly and Integration,Packs,Commercial,South Burlington,Vermont,US,44.4682,-73.1555,US,,,,"BETA Technologies is an aerospace company developing and manufacturing electric flight and charging systems for the logistics, medical, defense, and passenger sectors.",Downstream,,unknown,False,False,{},6
5034,Black Teal Energy,Black Teal Energy,Cell Assemblies/ Groupings,"Enclosures, aftermarket EV batteries, Energy Storage Systems",Commercial,Sacramento,California,US,38.6395320340722,-121.459515119251,US,22,,,"Black Teal Energy focuses on sustainable energy solutions, offering aftermarket batteries for electric vehicles and energy storage systems, aiming for 100% recyclability and extending the lifespan of battery materials.",Downstream,,unknown,False,False,{},6
5035,"Blue Line Battery, Inc.","Blue Line Battery, Inc.",Cell Assemblies/ Groupings,Packs,Commercial,Beloit,Wisconsin,US,42.5031437269849,-89.0352196187533,US,12,,,Blue Line Battery focuses on the next stage in lithium-ion technology.,Downstream,,unknown,False,False,{},6
5036,Blue Solutions Canada Inc.,Blue Solutions Canada Inc.,Cell Assemblies/ Groupings,Packs,Commercial,Boucherville,Quebec,Canada,45.5560910157497,-73.4251858444949,Canada,228,,,Blue Solutions Canada has the only solid-state 100% on the market. ,Downstream,,unknown,False,False,{},6
5040,BMZ USA Inc.,BMZ Virginia Beach Battery Manufacturing Plant,Assembly and Integration,Packs,Commercial,Virginia Beach,Virginia,US,36.8955671894749,-76.1914247539633,Germany,100,2,GWh/yr,"BMZ innovates high-tech batteries for global brands, integrating cutting-edge tech. Its one-stop-shop ensures excellence across the value chain, from production to after-sales.",Downstream,,naatbatt,False,False,{},4
5041,Bobaek,Bobaek America,Battery Development,Insulation panels and cell sheets for EV batteries,Commercial,Windsor,Ontario,Canada,42.2789,-82.8996,Korea,100,,,"Bobaek America Inc. is a South Korean EV‑parts manufacturer establishing its first North American facility in Windsor, Ontario, to produce battery insulation panels and cell sheets for electric vehicle batteries.",Downstream,,unknown,False,False,{},6
5042,BorgWarner,BorgWarner Seneca,Cell Assemblies/ Groupings,Modules/ Arrays,Commercial,Seneca,South Carolina,US,34.6641,-82.9754,US,122,3,GWh/Yr,BorgWarner is a global automotive tier-1 supplier transitioning rapidly toward electrification,Downstream,,naatbatt,False,False,{},4
5043,Boyd,Boyd Pleasanton,Cooling plates,Pack materials,Commercial,Pleasanton,California,US,37.7001,-121.8945,US,,,,"Boyd Corporation designs thermal management and sealing solutions for EV battery packs, enhancing safety, efficiency, and durability across mobility, medical, and aerospace applications.",Downstream,,unknown,False,False,{},6
5044,"Braille Battery, Inc","Braille Battery, Inc",Cell Assemblies/ Groupings,Packs,Commercial,Sarasota,Florida,US,27.4174068288131,-82.5456789875623,US,15,,,"Braille Battery is a world leader in light-weight AGM batteries.

",Downstream,,unknown,False,False,{},6
5045,Bren-Tronics,Bren-Tronics,Technology Development,Military Battery & Charger Production,Commercial,Commack,New York,US,40.8282,-73.2847,US,280,,,"Bren-Tronics is a leading U.S. manufacturer of advanced lithium battery systems and portable power solutions tailored for military, aerospace, and mission-critical applications.",Downstream,,unknown,False,False,{},6
5047,BST Systems,BST Systems,Battery Development,Thermal batteries and silver-zinc (AgZn) batteries,Commercial,Plainfield,Connecticut,US,41.7011,-71.9566,US,,,,"BST Systems designs and manufactures high-energy thermal and silver-zinc batteries and cells for critical defense, aerospace, and naval applications from its vertically integrated facility in Connecticut.",Downstream,,unknown,False,False,{},6
5048,Caterpillar,Caterpillar,Assembly and Integration,Battery Energy Storage,Commercial,Irwine ,Texas,US,32.8703647409765,-96.9395074044531,US,,,,"Caterpillar is a manufacturer of construction and mining equipment, off-highway diesel and natural gas engines, industrial gas turbines. recently engaged in battery storage for many of its applications",Downstream,,unknown,False,False,{},6
5049,"Cell-Con, Inc. ","Cell-Con, Inc. ",Cell Assemblies/ Groupings,Packs with Lithium and LPF,Commercial,Bedford,Pennsylvania,US,39.9370916535652,-78.5814777449645,US,30,,,"Cell-Con is a leading U.S. manufacturer of custom and stocked battery packs from cells, specializing in Li-ion, NiMH, LiFePO4, NiCd, and lead-acid power systems; and for portable devices.",Downstream,lithium,unknown,False,True,"{""lithium"": ""Australia""}",8
5050,Clarios,Clarios,Cell Assemblies/ Groupings,Packs,Commercial,Holland,Michigan,US,42.7529224843033,-86.1085133288173,US,,,,"Clarios develops and manufactures advanced automotive batteries, focusing on lead-acid and lithium-ion technologies for vehicles, including start-stop, conventional, and electric vehicles.",Downstream,,unknown,False,False,{},6
5051,Cofan,Cofan USA Fremont Facility,Cooling plates,Pack materials,Commercial,Fremont,California,US,37.4764,121.9219,US,70,,,"Cofan‑USA provides thermal management components like heatsinks, cold plates, fans, and vapor chambers for battery packs and power electronics.",Downstream,,unknown,False,False,{},6
5052,Conamix Inc.,Conamix Inc.,Cell Assemblies/ Groupings,Packs,Commercial, Ithaca,New York,US,42.44,-76.46,US,14, , ,Conamix develops lithium sulfur battery technology by working on cathode and electrolyte to reduces cost of electric and other markets without using expensive and exotic materials or constrained supply chains.,Downstream,,unknown,False,False,{},6
5053,Cooling Source,Cooling Source Livermore Plant,Cooling plates,Pack materials,Commercial,Livermore,California,US,37.7123,-121.7888,US,150,,,"Cooling Source Thermal designs and manufactures liquid cold‑plates, extruded heatsinks, heatpipe assemblies, and precision CNC‑machined thermal components for battery pack cooling.",Downstream,,unknown,False,False,{},6
5054,Coreshell Technologies Inc,Coreshell Technologies Inc,Cell Assemblies/ Groupings,Packs,Commercial,San Leandro,California,US,37.71,-122.1,US,5, , ,"Coreshell is an advanced battery solutions company that increases the range of electric vehicles while bringing down costs, so the world can transition to clean energy in time.",Downstream,,unknown,False,False,{},6
5058,Custom Power,Custom Power,Cell Assemblies/ Groupings,Packs,Commercial,Fountain Valley,California,US,33.701599218304,-117.938285460479,US,75,,,"Custom Power specializes in designing and manufacturing custom battery packs for Defense, Aerospace, Medical, and Industrial sectors, with a focus on lithium-ion and other chemistries.",Downstream,,unknown,False,False,{},6
5059,Daejin Advanced Materials,Daejin Advanced Materials Cumberland,Process trays,Pack materials,Commercial,Cumberland City,Texas,US,36.3934,87.6434,North Korea,83,,,Daejin Advanced Materials makes battery‑related polymer composites and anti‑static trays; developing carbon nanotube (CNT) conductive additives and packaging materials for secondary lithium‑ion batteries.,Downstream,,unknown,False,False,{},6
5061,Daimler Truck North America,Portland Truck Manufacturing Plant,Assembly and Integration,Integrated Battery Packs for Trucks and Energy Storage,Commercial,Portland,Oregon,US,45.5740420023815,-122.713800673996,US,2800,,,"Daimler Truck North America manufactures, sells, and services several renowned commercial vehicle brands including Freightliner Trucks, Western Star Trucks, Thomas Built Buses, with an emphasis on electrification with LIBs",Downstream,,unknown,False,False,{},6
5063,"Dantona Industries, Inc. ","Dantona Industries, Inc. ",Cell Assemblies/ Groupings,Packs,Commercial,Wantagh,New York,US,40.6729241514312,-73.5176588296023,US,30,,,"Dantona Industries is a supplier of industrial and consumer batteries, chargers, and battery packs.",Downstream,,unknown,False,False,{},6
5064,Darrah Electric,Darrah Electric Company Cleveland,Cooling plates,Pack materials,Commercial,Cleveland,Ohio,US,41.4815,-81.7285,US,40,,,"Darrah Electric Company supplies power semiconductors, DC power supplies, converters, and cooling components essential for high-power battery systems and heavy-industrial power electronics.",Downstream,,unknown,False,False,{},6
5066,"EaglePicher Technologies, LLC",Medical Power Production,Cell Assemblies/ Groupings,Packs,Commercial,Surrey,British Columbia,Canada,49.1519709108325,-122.859270715534,US,,,,"EaglePicher Technologies specializes in designing and manufacturing advanced lithium-ion batteries for various applications, including defense, aerospace, and medical devices, ensuring high-performance and reliability.",Downstream,,unknown,False,False,{},6
5067,"EaglePicher Technologies, LLC",Aerospace Business Unit an Lithium Ion Center of Excellence,Cell Assemblies/ Groupings,Packs,Commercial,Joplin,Missouri,US,37.0635414878614,-94.4021793934411,US,,,,"EaglePicher Technologies specializes in designing and manufacturing advanced lithium-ion batteries for various applications, including defense, aerospace, and medical devices, ensuring high-performance and reliability.",Downstream,,unknown,False,False,{},6
5068,"EaglePicher Technologies, LLC",Defense Strategic Business Unit,Cell Assemblies/ Groupings,Packs,Commercial,Joplin,Missouri,US,37.0947131859781,-94.5280595910123,US,,,,"EaglePicher Technologies specializes in designing and manufacturing advanced lithium-ion batteries for various applications, including defense, aerospace, and medical devices, ensuring high-performance and reliability.",Downstream,,unknown,False,False,{},6
5069,Eaton,Eaton,Cell Assemblies/ Groupings,Packs,Commercial,Raleigh,North Carolina,US,36.4775448961479,-78.4033957659649,Ireland,650,,,Eaton provides electric vehicle charging solutions and lithium-ion battery and energy storage systems to support the transition to low-carbon transportation. It also collaborates on electric drives for commercial vehicles.,Downstream,,unknown,False,False,{},6
5070,Echandia,Cascade Industrial Park,Assembly and Integration,Safe and Durable Maritime Battery Systems,Commercial,Marysville,Washington,US,48.14224,-122.15975,Sweden,25,,,"Echandia provides heavy-duty energy storage systems for maritime vessels and large-scale applications, prioritizing durability, safety, and long cycle life for extreme conditions.",Downstream,,unknown,False,False,{},6
5072,"Electrochem Solutions, Inc.",Electrochem Solutions,Cell Assemblies/ Groupings,Packs,Commercial,Raynham,Massachusetts,US,41.9043154656355,-71.024552602573,US,120,,,"Electrochem is the premium provider of custom power solutions for critical applications where energy demands are high, operating conditions are extreme, and the cost of failure is significant.",Downstream,,unknown,False,False,{},6
5074,"Element Energy, Inc.","Element Energy, Inc.",Non-cell Components,Battery management system,Commercial,Melno Park,California,US,37.47,-122.19,US,24, , ,"Element is developer of a battery management system designed to improve safety, energy throughput, and lifetime of lithium-ion battery packs for cost-effective repurposing of second-life EV batteries for stationary applications.",Downstream,,unknown,False,False,{},6
5077,Emerging Power,Emerging Power,Manufacturing,Packs,Commercial,Hackensack,New Jersey,US,40.8711293,-74.0449802,US,50,,,"Emerging Power is a New Jersey‑based small business since 2000, designing and manufacturing custom battery packs across chemistries for original equipment manufacturers, commercial, military, medical, internet of things, and unmanned aerial vehicle applications.",Downstream,,unknown,False,False,{},6
5078,Empower Greentech,Empower Greentech,Manufacturing,Packs,Commercial,Fullerton,California,US,33.86815,-117.90122,US,,,,"Enpower Greentech is a U.S.-based advanced battery cell manufacturer delivering semi‑solid‑state lithium‑ion, lithium‑metal, and silicon‑rich batteries which are designed and made in America for high-performance energy and mobility applications.",Downstream,,unknown,False,False,{},6
5080,Eneon ES,Indoor fabrication and integration facility,Cell Assemblies/ Groupings,Racks / Cabinets,Commercial,Calgary,Alberta,Canada,50.9478314879987,-113.991189275178,Canada,15,,,"Eneon designs and integrates cutting-edge BESS systems that meet the highest safety and quality control standards, ensuring a safer and more sustainable future.",Downstream,,unknown,False,False,{},6
5082,EnerSys,EnerSys,Cell Assemblies/ Groupings,Packs,Commercial,Suwanee,Georgia,US,34.0190667141576,-84.0693988162346,US,,,,"EnerSys is a provider of  energy storage systems for industrial applications, manufacturing and distributing a range of products including power batteries, battery chargers, power equipment for various industries​",Downstream,,unknown,False,False,{},6
5084,Erwin Quarder,Erwin Quarder USA,Non-cell Components,Packaging Systems,Commercial,Grand Rapids,Michigan,US,42.8707255990629,-85.5297921288146,Germany,95,,,"Erwin Quarder Group has been concentrating on electric transportation components from high-voltage mechatronics, cooling, housing or sensors; Erwin supports OEMS with the growing eMobility market.",Downstream,,unknown,False,False,{},6
5085,Erwin Quarder,Erwin Quarder Mexico,Non-cell Components,Electrical Systems,Commercial,Santiago de Querétaro,Querétaro,Mexico,20.5548949618968,-100.281435915346,Germany,,,,"Erwin Quarder Group has been concentrating on electric transportation components from high-voltage mechatronics, cooling, housing or sensors; Erwin supports OEMS with the growing eMobility market.",Downstream,,unknown,False,False,{},6
5086,Estes Energy,Estes Energy,Development,"Battery Systems(NMC, LFP, sodium)",Commercial,San Francisco,California,US,37.75053,-122.39635,US,,,,"Estes Energy Solutions is a San Francisco–based innovator developing high‑performance, chemistry‑agnostic battery systems for commercial electrification, backed by BMW i Ventures and Fortescue.",Downstream,"nmc,lfp,cobalt,nickel,manganese,lithium",unknown,True,True,"{""cobalt"": ""Democratic Republic of the Congo"", ""nickel"": ""Indonesia"", ""manganese"": ""Other / Diversified"", ""lithium"": ""Australia""}",13
5091,EVS Supply,EVS Supply,Cell Assemblies/ Groupings,Packs,Commercial,Richardson,Texas,US,32.9647,-96.6974,US,25,,,"EVS Supply is a U.S. specialty battery distributor and custom battery pack manufacturer offering standard and custom lithium, NiMH, lead‑acid, and flashlight power solutions.",Downstream,,unknown,False,False,{},6
5092,Exponential Power,Exponential Power,Cell Assemblies/ Groupings,Packs,Commercial,Carol Stream,Illinois,US,41.8970353127812,-88.1160641160044,US,100,,,Exponential Power provides stored power products and services.,Downstream,,unknown,False,False,{},6
5093,Exponential Power,Exponential Power,Cell Assemblies/ Groupings,Packs,Commercial,Fort Wayne,Indiana,US,41.1493456489585,-85.1541348734218,US,100,,,Exponential Power provides stored power products and services.,Downstream,,unknown,False,False,{},6
5094,Exponential Power,Exponential Power,Cell Assemblies/ Groupings,Packs,Commercial,Rockwell,Texas,US,32.9134129691435,-96.4226325604997,US,100,,,Exponential Power provides stored power products and services.,Downstream,,unknown,False,False,{},6
5095,Factorial Energy,Factorial,Cell Assemblies/ Groupings,Packs,Commercial,Woborn,Massachusetts,US,42.524667462343,-71.1392038322453,US,100,,,"Factorial delivers high performing, safe solid-state batteries that power life to the fullest.",Downstream,,unknown,False,False,{},6
5096,"Fedco Electronics, Inc., d/b/a Fedco Batteries",Fedco Batteries,Cell Assemblies/ Groupings,Packs,Commercial,Fond du Lac,Wisconsin,US,43.7903731937745,-88.4963491189961,US,36,,,"Fedco Electronics, Inc., d/b/a Fedco Batteries, designs and manufactures custom lithium primary and lithium-ion rechargeable battery assemblies for critical applications.  ",Downstream,,unknown,False,False,{},6
5097,Fleetzero,Fleetzero,Assembly and Integration,Battery Systems,Commercial,Birmingham,Alabama,US,33.51026,-86.823641,US,12,,,"Fleetzero designs and manufactures custom battery packs for ocean-going ships, offering sustainable maritime power solutions through advanced battery integration and electric shipping services.",Downstream,,unknown,False,False,{},6
5099,"Flexodes, Inc","Flexodes, Inc",Cell Assemblies/ Groupings,Packs,Commercial,Sugar Land,Texas,US,29.59,-95.6,US,2, , ,Flexodes is a manufacturing company that is developing a lithium-sulfur battery.,Downstream,,unknown,False,False,{},6
5100,Fluence Energy,Fluence Energy,Battery Development,Packs Modules,Commercial,Murray,Utah,US,40.6326151669478,-111.878552199963,US,600,,,"Fluence Energy is a global company that provides energy storage products, services, and software for renewables and storage.",Downstream,,unknown,False,False,{},6
5101,"Flux Power, Inc.","Flux Power, Inc.",Cell Assemblies/ Groupings,Packs,Commercial,Vista,California,US,33.13,-117.24,US,121,,,"Flux Power, Inc. designs, manufactures, and sells advanced lithium-ion batteries for industrial and commercial uses, including material handling equipment, airport ground support, and stationary energy storage​​​",Downstream,,unknown,False,False,{},6
5105,Ford Motor Company,Rawsonville Components Plant,Cell Assemblies/ Groupings,Packs,Commercial,Ypsilanti,Michigan,US,42.2028211459245,-83.5575616430491,US,900,,,"Ford is a global vehicle manufacturing company evolving to focus on services, experiences and software as well as vehicles.",Downstream,,unknown,False,False,{},6
5106,Forsee Power,Forsee Power Production ,Assembly and Integration,Packs,Commercial,Hilliard,Ohio,US,40.0443750619063,-83.1287307999999,France,1000,3,GWh/Yr,Forsee Power offers durable lithium-ion batteries lasting up to 15 years. Its solutions cater to all energy needs.,Downstream,,naatbatt,False,False,{},4
5110,Galvion,Galvion,Manufacturing,Packs,Commercial,Marlborough,Massachusetts,US,42.32255,-71.59052,US,,,,Galvion designs and manufactures integrated tactical head‑protection systems and intelligent lithium‑ion power and data solutions for military and tactical operators worldwide.,Downstream,,unknown,False,False,{},6
5111,Galvion,Galvion,Manufacturing,Packs,Commercial,Montreal,Quebec,Canada,45.46992,-73.58235,US,,,,Galvion designs and manufactures integrated tactical head‑protection systems and intelligent lithium‑ion power and data solutions for military and tactical operators worldwide.,Downstream,,unknown,False,False,{},6
5112,Galvion,Galvion,Manufacturing,Packs,Commercial,Portsmouth,New Hampshire,US,43.08076,-70.79753,US,,,,Galvion designs and manufactures integrated tactical head‑protection systems and intelligent lithium‑ion power and data solutions for military and tactical operators worldwide.,Downstream,,unknown,False,False,{},6
5113,Galvion,Galvion,Manufacturing,Packs,Commercial,Newport,Vermont,US,44.94436,-72.18204,US,,,,Galvion designs and manufactures integrated tactical head‑protection systems and intelligent lithium‑ion power and data solutions for military and tactical operators worldwide.,Downstream,,unknown,False,False,{},6
5115,General Motors (GM) Subsystems Manufacturing,Brownstown Battery,Cell Assemblies/ Groupings,Packs,Commercial,Brownstown Charter Twp,Michigan,US,42.1560276099583,-83.2401245448951,US,107,,,Brownstown Battery Assembly Plant was the first U.S. battery assembly plant operated by a major automaker. The plant was converted from an empty warehouse into a battery manufacturing site.,Downstream,,unknown,False,False,{},6
5116,Gotion,Gotion Manteno plant,Cell Assemblies/ Groupings,Other/ Unknown,Commercial,Manteno,Illinois,US,41.2450305051776,-87.8660127959432,China,,10,GWh/yr,Gotion is a rapidly expanding company focused on innovative energy solutions and next-gen battery technology such as advanced lithium ion batteries for electric vehicles and stationary applications.,Downstream,,naatbatt,False,False,{},4
5117,Gotion High-tech,Gotion High-Tech,Manufacturing,Packs,Commercial,Fremont,California,US,37.4639,-121.92495,China,200,1,GWh,"Gotion High-tech is a China-based battery manufacturer specializing in lithium iron phosphate and ternary cells for EVs and energy storage, with expanding global production in the U.S., Germany, and Asia.",Downstream,,naatbatt,False,False,{},4
5118,Greenworks,Greenworks,Manufacturing,Packs,Commercial,Morristown,Tennessee,US,36.24573,-83.21285,US,,,,"Greenworks is a U.S. and global brand pioneering cordless lithium‑ion home and lawn care tools with over 500 products ranging from trimmers to power stations, leading innovation since 2002.",Downstream,,unknown,False,False,{},6
5119,"GS Yuasa Lithium Power, Inc.",GS Yuasa Lithium Power,Cell Assemblies/ Groupings,Packs,Commercial,Roswell,Georgia,US,34.0625855775804,-84.315704417357,Japan,38,,,"GS Yuasa Lithium Power delivers advanced batteries and battery systems for North American clients within the aerospace, industrial, military, and specialty markets.",Downstream,,unknown,False,False,{},6
5120,Highpower International Inc.,Highpower International Inc.,Cell Assemblies/ Groupings,Packs,Commercial,Mountain View,California,US,37.38,-122.08,China,120,850,Wh/Yr,"Highpower International Inc. develops, manufactures, and markets Ni-MH and lithium-ion batteries for consumer and industrial uses. It focuses on clean energy storage it is engaged in battery production and research.",Downstream,,naatbatt,False,False,{},4
5121,HiTHIUM Energy Storage Technology USA Inc.,Hithium Mesquite Plant,Assembly and Integration,Battery Energy Storage,Commercial,Mesquite,Texas,US,32.7214,-96.4443,China,200,10,GWh,"HiTHIUM manufactures high-quality stationary energy storage products for large-scale projects and commercial customers, driven by a commitment to quality for the energy transition and future generations.",Downstream,,naatbatt,False,False,{},4
5123,Honda,Anna Engine Plant,Battery casings,Pack materials,Commercial,Anna,Ohio,US,40.3958,-84.2177,Japan,2900,,,"Honda develops and manufactures EV batteries through joint ventures and in-house R&D, focusing on solid-state and lithium-ion technologies for global electrification.",Downstream,,unknown,False,False,{},6
5125,Honeywell International,Honeywell Process Solutions,Non-cell Components,Other/ Unknown,Commercial,Houston,Texas,US,29.7424134917134,-95.5604759466238,US,850,,,"Honeywell is a technology company  offering industry-specific solutions, including integrated manufacturing systems for the lithium-ion battery industry, aerospace products and services; control technologies; and performance materials globally.",Downstream,,unknown,False,False,{},6
5126,HotStart Thermal Management,Corporate and Manufacturing HQ,Non-cell Components,Thermal Systems,Commercial,Spokane,Washington,US,47.6625535891704,-117.327436546477,US,180,,,Hotstart develops energy efficient heating systems for standby generators.,Downstream,,unknown,False,False,{},6
5127,"Hybrid Design Services, Inc.",HDS - Troy (HQ),Cell Assemblies/ Groupings,Packs,Commercial,Troy,Michigan,US,42.5395873128289,-83.0968963288351,US,25,,,"Hybrid Design Services, Inc. provides innovative solutions in the energy sector, specializing in battery pack and power distribution systems. It offers several services including engineering, design, and prototyping. ",Downstream,,unknown,False,False,{},6
5129,Hyundai Mobis,Hyundai Mobis Plant,Assembly and Integration,Packs,Commercial,Montgomery ,Alabama,US,30.89951,-86.96701,South Korea,,18,GWh/yr,"Hyundai Mobis is a global auto parts vendor, focusing on autonomous driving, connectivity, and electrification to be a leader in the era of smart mobility.",Downstream,,naatbatt,False,False,{},4
5130,Indie Power Systems,Indie Power Systems,Non-cell Components,Battery management system,Commercial,Plano,Texas,US,33.0102528193512,-96.6891784597048,US,4,,,"Indie Power Systems is a vertically integrated player in EV charging, grid, and energy.",Downstream,,unknown,False,False,{},6
5132,"Inspired Energy, LLC","Inspired Energy, LLC",Battery Development,Packs,Commercial,Newberry,Florida,US,29.6552708992042,-82.6116129623075,US,105,,,"Inspired Energy designs and manufactures smart rechargeable Li-Ion and nickel-metal hydride batteries and chargers for portable applications, tailored to meet original equipment manufacturer needs.",Downstream,,unknown,False,False,{},6
5134,Inventus Power,Inventus Power,Manufacturing,Packs,Commercial,Woodridge,Illinois,US,41.69678,-88.01215,US,1000,,,"Inventus Power is a global provider of custom and standard lithium‑ion battery packs, chargers, and power supplies for OEMs across medical, xEV, industrial, defense, and consumer markets.",Downstream,,unknown,False,False,{},6
5135,Ionblox,Ionblox,Cell Assemblies/ Groupings,Modules/ Arrays,Commercial,Newark,California,US,37.53,-122.06,US,32,,,"Ionblox specializes in  lithium-ion batteries using high-capacity silicon monoxide anodes. Its nano-engineered SEI layer and advanced cell architecture ensure high conductivity and extended cycle life, even with extreme fast charging.",Downstream,,unknown,False,False,{},6
5136,"Joby Aviation, Inc",Pilot Production Plant,Battery Development,Packs,Commercial,Marina,California,US,36.68,-121.75,US,,24,aircraft/yr,"Joby Aviation is a California-based company developing an all-electric, vertical take-off and landing air taxi for commercial passenger service.",Downstream,,naatbatt,False,False,{},4
5138,Kautex,Kautex,Non-cell Components,Packaging Systems,Commercial,Troy,Michigan,US,42.32,-83.07,Germany,900,,,"Kautex is a pioneer in polymer processing. Today, it is one of the top automotive suppliers to OEMs, manufacturing battery systems, plastic fuel systems, castings, as well as industrial packaging.",Downstream,,unknown,False,False,{},6
5141,KULR Technology,KULR Technology,Non-cell Components,Thermal Systems,Commercial,San Diego,California,US,32.8300771945366,-117.162959845131,US,52,,,KULR Technology is building an energy management platform to accelerate the global transition to a sustainable electrification economy.,Downstream,,unknown,False,False,{},6
5142,"Latent Heat Solutions, LLC","Latent Heat Solutions, LLC",Non-cell Components,Thermal Systems,Commercial,Golden,Colorado,US,39.7785381330943,-105.234576130734,US,10,,,Latent Heat Solutions provides thermal management solutions for battery protection and performance.,Downstream,,unknown,False,False,{},6
5143,"Latent Heat Solutions, LLC","Latent Heat Solutions, LLC",Non-cell Components,Thermal Systems,Commercial,Golden,Colorado,US,39.7785381330943,-105.234576130734,US,10,,,Latent Heat Solutions provides thermal management solutions for battery protection and performance.,Downstream,,unknown,False,False,{},6
5144,"Latent Heat Solutions, LLC",CAVU Group,Non-cell Components,Thermal Systems,Commercial,Moraine,Ohio,US,39.7212800628021,-84.2205946179154,US,,,,Latent Heat Solutions provides thermal management solutions for battery protection and performance.,Downstream,,unknown,False,False,{},6
5146,LG Energy Solution Michigan Inc.,LG Chem Michigan Battery Manufacturing Plant,Cell Assemblies/ Groupings,Packs,Commercial,Holland,Michigan,US,42.7557146219597,-86.0695218035115,Republic of Korea,1495,5,GWh,LG Energy Solution is shaping the future of the automotive industry by leading the EV charge and paving the path toward a more sustainable future. ,Downstream,,naatbatt,False,False,{},4
5148,LG Energy Solution Vertech,LG Energy Solution Energy Storage Plant,Assembly and Integration,Stationary Energy Storage Systems,Commercial,Westborough,Massachusetts,US,42.2754621099162,-71.5675585426482,South Korea ,100,11,GWh,LG Energy Solution Vertech focuses on designing and manufacturing stationary energy storage solutions in Massachusetts.,Downstream,,naatbatt,False,False,{},4
5150,Lithion Battery,Lithion Battery Inc.,Cell Assemblies/ Groupings,Modules/ Arrays,Commercial,Henderson,Nevada,US,36.0547823868745,-115.024135917318,US,250,,,"Lithion Batteries, a vertically integrated manufacturer of battery cells and packs, produces custom, high-quality power solutions globally, emphasizing reliability in critical applications.",Downstream,,unknown,False,False,{},6
5151,Lithion Battery,Lithion Battery Inc.,Cell Assemblies/ Groupings,Packs,Commercial,Houston,Texas,US,30.553188565655,-97.6835388192681,US,5,,,"Lithion Batteries, a vertically integrated manufacturer of battery cells and packs, produces custom, high-quality power solutions globally, emphasizing reliability in critical applications.",Downstream,,unknown,False,False,{},6
5152,Lithion Battery,Aved  Electronics,Cell Assemblies/ Groupings,Packs,Commercial,North Billerica,Massachusetts,US,42.6034315258754,-71.282438029461,US,,,,"Lithion Batteries, a vertically integrated manufacturer of battery cells and packs, produces custom, high-quality power solutions globally, emphasizing reliability in critical applications.",Downstream,,unknown,False,False,{},6
5153,Lithion Battery,Engineered Power,Cell Assemblies/ Groupings,Packs,Commercial,Calgary,Alberta,Canada,51.0658,-113.9912,US,,,,"Lithion Batteries, a vertically integrated manufacturer of battery cells and packs, produces custom, high-quality power solutions globally, emphasizing reliability in critical applications.",Downstream,,unknown,False,False,{},6
5154,Lithion Battery,Charger Industries Calgary Facility,Cell Assemblies/ Groupings,Packs,Commercial,Calgary,Alberta,Canada,51.064,-113.996,US,,,,"Lithion Batteries, a vertically integrated manufacturer of battery cells and packs, produces custom, high-quality power solutions globally, emphasizing reliability in critical applications.",Downstream,,unknown,False,False,{},6
5155,Lithium Battery,Lithium Battery,Battery Development,"Custom lithium-ion battery packs (LiFePO₄, solid state, sodium-ion)",Commercial,Tampa,Florida,US,27.9944,-82.5516,US,,,,"Lithium Battery Company  designs and assembles custom LiFePO₄, solid-state, and sodium-ion battery packs for marine, RV, industrial, and military applications from its Tampa, Florida facility.",Downstream,lithium,unknown,False,True,"{""lithium"": ""Argentina""}",8
5156,Lithium Rhino,Lithium Rhino,Manufacturing,Packs,Commercial,Charlotte,North Carolina,US,35.13692,-80.91387,US,,,,"Lithium Rhino manufactures plug‑and‑play lithium‑ion battery conversion kits for golf carts, offering zero‑maintenance, high‑cycle (6000+) performance plus eco‑friendly, 99%‑recyclable design.",Downstream,,unknown,False,False,{},6
5157,Lithos Energy,Lithos Energy,Manufacturing,Packs,Commercial,San Rafael,California,US,37.99893,-122.54758,US,,,,"Lithos Energy is a U.S. company engineering and manufacturing modular lithium‑ion battery systems with proprietary BMS, tailored for rugged, high‑performance off‑road, marine, and heavy‑equipment applications.",Downstream,,unknown,False,False,{},6
5158,Lockheed Martin ,Lockheed Martin Energy,Cell Assemblies/ Groupings,Racks / Cabinets,Commercial,Grand Prairie,Texas,US,32.7178579005501,-97.0246395604491,US,100,,,"Lockheed Martin Energy is advancing the energy storage market by offering lithium-ion battery systems. These systems are designed for efficiency and integration, featuring comprehensive battery management and thermal management systems.",Downstream,,unknown,False,False,{},6
5159,Lucid Motors,Lucid AMP-1,Battery Development,Packs Modules,Commercial,Casa Grande,Arizona,US,32.8609227161438,-111.777106617992,US,6000,90000,pieces,Lucid selects the best battery cells from established suppliers based on their specific performance requirements and then integrates them into their vehicles' unique battery packs. ,Downstream,,naatbatt,False,False,{},4
5160,Lyten,LytEn,Cell Assemblies/ Groupings,Packs,Commercial,San Jose,California,US,37.4223,-121.956,US,112,,,"Lyten specializes in developing advanced materials like 3D graphene, used in light-weighting, electrification, and sensing technologies. Its innovations include lithium-sulfur batteries and advanced sensors for applications in transportation and aerospace​.",Downstream,,unknown,False,False,{},6
5161,Magna,Magna Electric Vehicle Structures,Non-cell Components,Packaging Systems,Commercial,St. Clair,Michigan,US,42.8525918171317,-82.4953350048732,US,300,,,"Magna International is a leading global automotive supplier, offering a broad range of auto parts and systems including Li-ion battery packs, with a focus on vehicle engineering and manufacturing technologies.",Downstream,,unknown,False,False,{},6
5163,Magna,Magna Structures Heart Lake,Manufacturing,Battery Enclosures & Frame Manufacturing,Commercial,Brampton,Ontario,Canada,43.7645,-79.739,US,560,,,"Magna International is a leading global automotive supplier, offering a broad range of auto parts and systems including Li-ion battery packs, with a focus on vehicle engineering and manufacturing technologies.",Downstream,,unknown,False,False,{},6
5165,Mercedes-Benz,Mercedes-Benz,Manufacturing,Packs,Commercial,Woodstock,Alabama,US,33.19821,-87.18233,US,,,,"Mercedes-Benz is a global German automaker known for luxury vehicles, now heavily investing in electric mobility, in-house battery tech, and global gigafactories through its Mercedes-Benz Electric and Acceleration to Electric strategies.",Downstream,,unknown,False,False,{},6
5168,Mikros Tech,Mikros Technologies Claremont,Cooling plates,Pack materials,Commercial,Claremont,New Hampshire,US,43.3767,-72.3373,US,62,,,"Jabil Inc. is a global manufacturing services company; its subsidiary Mikros Technologies specializes in microchannel liquid cooling and cold plates for high-power electronics, including EV and energy storage systems.",Downstream,,unknown,False,False,{},6
5170,Modine Manufacturing,Modine Trenton Plant,Cooling plates,Pack materials,Commercial,Trenton,Missouri,US,40.0761,93.6123,US,200,,,"Modine Manufacturing designs and supplies thermal management systems for EV battery packs, including liquid-cooled plates, chillers, and complete battery thermal systems.",Downstream,,unknown,False,False,{},6
5171,Modine Manufacturing,Modine Lawrenceburg Plant,Cooling plates,Pack materials,Commercial,Lawrenceburg,Tennessee,US,35.2423,87.3347,US,300,,,"Modine Manufacturing designs and supplies thermal management systems for EV battery packs, including liquid-cooled plates, chillers, and complete battery thermal systems.",Downstream,,unknown,False,False,{},6
5173,Morgan Advanced Materials,Girard,Non-cell Components,Thermal Systems,Commercial,Girard,Illinois,US,39.4512646683961,-89.7774370890882,UK,,,,"Morgan has expertise in thermal management and passive fire protection for lithium-ion batteries, especially in electric vehicles while applying products to support battery safety in various sectors, including electric vehicles. ",Downstream,,unknown,False,False,{},6
5174,Morgan Advanced Materials,Emporia,Non-cell Components,Thermal Systems,Commercial,Emporia,Kansas,US,38.4001709769086,-96.1550138026137,UK,,,,"Morgan has expertise in thermal management and passive fire protection for lithium-ion batteries, especially in electric vehicles while applying products to support battery safety in various sectors, including electric vehicles. ",Downstream,,unknown,False,False,{},6
5175,Morgan Advanced Materials,Augusta,Non-cell Components,Thermal Systems,Commercial,Augusta,Georgia,US,33.4357262994746,-82.0009863874147,UK,,,,"Morgan has expertise in thermal management and passive fire protection for lithium-ion batteries, especially in electric vehicles while applying products to support battery safety in various sectors, including electric vehicles. ",Downstream,,unknown,False,False,{},6
5176,Morgan Advanced Materials,Elkhart,Non-cell Components,Thermal Systems,Commercial,Elkhart,Indiana,US,41.6875897972796,-85.9186354025073,UK,,,,"Morgan has expertise in thermal management and passive fire protection for lithium-ion batteries, especially in electric vehicles while applying products to support battery safety in various sectors, including electric vehicles. ",Downstream,,unknown,False,False,{},6
5177,Motivair,Motivair Lancaster Facility,Cooling plates,Pack materials,Commercial,Lancaster,New York,US,42.9274,78.5834,France,150,,,Schneider Electric is a global leader in energy management and automation; it acquired a controlling interest in Motivair in 2025 to expand its high-density liquid cooling portfolio.,Downstream,,unknown,False,False,{},6
5178,"Mullen Automotive, Inc","Mullen Automotive, Inc",Manufacturing,Packs,Commercial,Fullerton,California,US,33.86815,-117.90122,US,,,,"Mullen Automotive is a U.S. electric vehicle company in Brea, California, specializing in rebadging Chinese-made EVs for passenger and commercial use while investing in domestic battery production.",Downstream,,unknown,False,False,{},6
5182,Nikola,Nikola Coolidge Manufacturing Facility,Cell Assemblies/ Groupings,Modules/ Arrays,Commercial,Coolidge,Arizona,US,32.7791606820331,-111.506828590185,US,75,,,"Nikola is specializing in heavy-duty commercial battery-electric vehicles, along with energy solutions. It focuses on developing and manufacturing transportation technologies, aimed at reducing emissions in the heavy-duty transport sector.",Downstream,,unknown,False,False,{},6
5183,Nikola,Nikola Coolidge Manufacturing Facility,Cell Assemblies/ Groupings,Packs,Commercial,Coolidge,Arizona,US,32.7791606820331,-111.506828590185,US,76,,,"Nikola is specializing in heavy-duty commercial battery-electric vehicles, along with energy solutions. It focuses on developing and manufacturing transportation technologies, aimed at reducing emissions in the heavy-duty transport sector.",Downstream,,unknown,False,False,{},6
5184,NP Power,NPP,Manufacturing,Cells and Cell Assemblies LPF and other chemistries,Commercial,Ontario,California,US,34.0407968281628,-117.609898517768,China,,,,"NP Power, a Chinese high-tech firm, provides customized lithium solar batteries and backup solutions for global users with office in the United States.",Downstream,,unknown,False,False,{},6
5185,Nuvation Energy,Nuvation Energy,Non-cell Components,Battery management system,Commercial,Waterloo,Ontario,Canada,43.5066379659118,-80.5374853274948,US,81,,,Nuvation Energy provides battery management and energy storage solutions.,Downstream,,unknown,False,False,{},6
5187,"Octillion Power Systems, LLC","Octillion Power Systems, LLC",Cell Assemblies/ Groupings,Packs,Commercial,Richmond,California,US,37.91,-122.3,US,400,4,GWh/Yr,Octillion Power Systems is a leading value-chain enabler for electric vehicles custom made and mass produced.,Downstream,,naatbatt,False,False,{},4
5188,"Octillion Power Systems, LLC",Nevada One,Battery Development,Packs,Commercial,Reno,Nevada,US,39.5296,-119.8138,US,45,1,GWh/yr,Octillion is a Tier 1 supplier of innovative high-density lithium-ion battery systems and related technology focused on the electrification of major industries.,Downstream,,naatbatt,False,False,{},4
5190,"Our Next Energy, Inc.",Aries Grid Ravenswood Plant,Battery Development,LFP Utility-Scale Battery Systems,Commercial,Ravenswood,West Virginia,US,38.855,-81.761,US,,420,MWh/yr,Our Next Energy develops energy storage for the grid and electric vehicles.,Downstream,"lfp,lithium",naatbatt,False,True,"{""lithium"": ""China""}",8
5191,Paladin Power Inc.,Paladin Power Inc.,Cell Assemblies/ Groupings,Racks / Cabinets,Commercial,Temecula,California,US,33.475909564958,-117.097830273921,US,50,,,Paladin Power  produces residential and commercial energy storage solution (ESS) by stacking  lithium ion batteries with efficient inverters,Downstream,,unknown,False,False,{},6
5192,Parker LORD,Parker LORD Indianapolis,Non-cell Components,Thermal Systems,Commercial,Indianapolis,Indiana,US,39.8755339241779,-86.084385115838,US,55,,,Parker LORD produces components and systems for thermal management of various elements of electrified vehicles.  ,Downstream,,unknown,False,False,{},6
5193,Polyplus Battery ,Polyplus Battery ,Cell Assemblies/ Groupings,Packs,Commercial,Berkeley,California,US,37.87,-122.27,US,50,2000,L/Yr,"PolyPlus Battery Company is advancing battery technology with its proprietary Glass Protected Li Metal Batteries, which offer solid-state lithium anode laminates that can double the energy density of rechargeable batteries​",Downstream,,naatbatt,False,False,{},4
5195,"ProTechnologies, Inc.","ProTechnologies, Inc.",Cell Assemblies/ Groupings,Packs,Commercial,Pilot Mountain,North Carolina,US,36.395202493988,-80.4697833604075,US,30,,,"PTI is a custom battery pack manufacturer for OEMs across various industries, offering design, engineering, and manufacturing with a focus on cost efficiency and performance. lifetime warranty. ",Downstream,,unknown,False,False,{},6
5196,Proterra,East Coast Manufacturing Facility,Cell Assemblies/ Groupings,Packs,Commercial,Greenville,South Carolina,US,34.8038604581214,-82.3480221043391,US,350,,,"Proterra is dedicated to creating innovative electric vehicle and lithium-ion battery technologies for zero-emission electric transit vehicles (buses) and commercial trucks EV solutions emphasizing reliability, safety, and environmental responsibility.",Downstream,,unknown,False,False,{},6
5197,Proterra,West Coast Manufacturing Facility,Cell Assemblies/ Groupings,Packs,Commercial,City of Industry,California,US,34.0151918411471,-117.847515731578,US,350,,,"Proterra creates  innovative electric vehicle and lithium-ion battery technologies for zero-emission electric transit vehicles (buses) and commercial trucks EV solutions emphasizing reliability, safety, and environmental responsibility.",Downstream,,unknown,False,False,{},6
5198,Purcell Systems ,Purcell,Cell Assemblies/ Groupings,Modules/ Arrays,Commercial,Spokane Valley,Washington,US,47.6851592651694,-117.187400667903,US,37,,,"Purcell Systems designs and manufactures innovative, industry-leading, thermally managed, modular outdoor electronic equipment enclosure solutions for various applications. It is developing and manufacturing battery packs for stationary applications.  ",Downstream,,unknown,False,False,{},6
5199,Purcell Systems ,Purcell,Cell Assemblies/ Groupings,Packs,Commercial,Spokane Valley,Washington,US,47.6851592651694,-117.187400667903,US,38,,,"Purcell Systems designs and manufactures innovative, industry-leading, thermally managed, modular outdoor electronic equipment enclosure solutions for various applications. It is developing and manufacturing battery packs for stationary applications.  ",Downstream,,unknown,False,False,{},6
5202,"Saft America, Inc.",Jacksonville,Cell Assemblies/ Groupings,Racks / Cabinets,Commercial,Jacksonville,Florida,US,30.2733333996383,-81.8905263452236,France,90,370,MW,"Saft America specializes in designing and manufacturing high-technology batteries such as lithium ion for industrial and defense applications, focusing on advanced energy storage and power delivery solutions.",Downstream,,naatbatt,False,False,{},4
5203,"Saft America, Inc.",Cockeysville,Cell Assemblies/ Groupings,Modules/ Arrays,Commercial,Valdosta,Georgia,US,30.8017266828576,-83.2868459875415,France,,,,"Saft America specializes in designing and manufacturing high-technology batteries such as lithium ion for industrial and defense applications, focusing on advanced energy storage and power delivery solutions.",Downstream,,unknown,False,False,{},6
5204,"Saft America, Inc.",Valdese,Cell Assemblies/ Groupings,Packs,Commercial,Valdese,North Carolina,US,35.7651136585368,-81.5554306450852,France,,,,"Saft America specializes in designing and manufacturing high-technology batteries such as lithium ion for industrial and defense applications, focusing on advanced energy storage and power delivery solutions.",Downstream,,unknown,False,False,{},6
5205,Saint-Gobain Performance Ceramics and Refractories,Saint-Gobain PCR Niagara Falls,Non-cell Components,Thermal Systems,Commercial,Niagara Falls,New York,US,43.0794216286727,-79.0402739865054,US,,20000,pieces,"Saint-Gobain Performance Ceramics & Refractories provides high-performing engineered ceramics and refractories solutions for extreme operating conditions (e.g., high temperature, corrosion, and thermal shock). ",Downstream,,naatbatt,False,False,{},4
5206,Samsung SDI America Inc.,Auburn Hills,Cell Assemblies/ Groupings,Modules/ Arrays,Commercial,Auburn Hills,Michigan,US,42.7004122349081,-83.2707840576543,US,14,,,"Samsung SDI America Inc. specializes in manufacturing lithium-ion batteries, energy storage systems, and electronic materials, focusing on applications in electric vehicles, renewable energy, and consumer electronics industries.",Downstream,"lithium,nmc,cobalt,nickel,manganese",unknown,True,True,"{""lithium"": ""Other / Diversified"", ""cobalt"": ""Democratic Republic of the Congo"", ""nickel"": ""Other / Diversified"", ""manganese"": ""Africa (South Africa, Gabon)""}",13
5207,Samsung SDI America Inc.,Auburn Hills,Cell Assemblies/ Groupings,Packs,Commercial,Auburn Hills,Michigan,US,42.7004122349081,-83.2707840576543,US,14,,,"Samsung SDI America Inc. specializes in manufacturing lithium-ion batteries, energy storage systems, and electronic materials, focusing on applications in electric vehicles, renewable energy, and consumer electronics industries.",Downstream,"lithium,nmc,cobalt,nickel,manganese",unknown,True,True,"{""lithium"": ""Other / Diversified"", ""cobalt"": ""Democratic Republic of the Congo"", ""nickel"": ""Indonesia"", ""manganese"": ""Africa (South Africa, Gabon)""}",13
5208,Senior Flexonics,Bartlett Facility,Non-cell Components,Thermal Systems,Commercial,Bartlett,Illinois,US,41.9892995978911,-88.1781263423281,US,299,,,Senior Flexonics provides electric vehicle thermal management solutions.,Downstream,,unknown,False,False,{},6
5209,Senior Flexonics,Saltillo Facility,Non-cell Components,Thermal Systems,Commercial,Saltillo,Coahuila,Mexico,25.3621785737808,-101.023769387232,US,,,,Senior Flexonics provides electric vehicle thermal management solutions.,Downstream,,unknown,False,False,{},6
5210,SGL Carbon,SGL Carbon LLC Morganton,Non-cell Components,Thermal Systems,Commercial,Morganton,North Carolina,US,35.7317910373324,-81.724254443171,Germany,4,,,"SGL Carbon is a global company develop and manufacture carbon-based solutions. Its materials and products made from specialty graphite, and carbon fibers serve many industries including manufacturing of lithium-ion batteries.",Downstream,,unknown,False,False,{},6
5211,SGL Carbon,SGL Carbon LLC Sinking Spring,Non-cell Components,Thermal Systems,Commercial,Sinking Spring,Pennsylvania,US,40.3043354996145,-76.0468817128781,Germany,,,,"SGL Carbon is a global company develop and manufacture carbon-based solutions. Its materials and products made from specialty graphite, and carbon fibers serve many industries including manufacturing of lithium-ion batteries.",Downstream,,unknown,False,False,{},6
5212,SGL Carbon,SGL Carbon LLC St. Marys,Non-cell Components,Thermal Systems,Commercial,St. Marys,Pennsylvania,US,41.431434406433,-78.5430456466953,Germany,,,,"SGL Carbon is a global company develop and manufacture carbon-based solutions. Its materials and products made from specialty graphite, and carbon fibers serve many industries including manufacturing of lithium-ion batteries.",Downstream,,unknown,False,False,{},6
5213,SGL Carbon,SGL Carbon LLC Valencia,Non-cell Components,Thermal Systems,Commercial,Valencia,California,US,34.4360557571004,-118.588908832101,Germany,,,,"SGL Carbon is a global company develop and manufacture carbon-based solutions. Its materials and products made from specialty graphite, and carbon fibers serve many industries including manufacturing of lithium-ion batteries.",Downstream,,unknown,False,False,{},6
5214,Shoals,Shoals Muscle Shoals Plant,Manufacturing,Pack materials,Commercial,Muscle Shoals,Alabama,US,34.757,-87.653,US,,,,"Shoals Technologies Group supplies electrical balance-of-system (EBOS) solutions including cabling, junction boxes, and interconnects for battery energy storage and solar systems.",Downstream,,unknown,False,False,{},6
5215,Shoals,Shoals Portland Headquarters,Manufacturing,Pack materials,Commercial,Portland,Tennessee,US,36.5925,-86.5878,US,,,,"Shoals Technologies Group supplies electrical balance-of-system (EBOS) solutions including cabling, junction boxes, and interconnects for battery energy storage and solar systems.",Downstream,,unknown,False,False,{},6
5216,"Simpliphi Power, Inc.","Simpliphi Power, Inc.",Cell Assemblies/ Groupings,Racks / Cabinets,Commercial,Oxnard,California,US,34.2043541243129,-119.132623531631,US,17,,,Simpliphi Power develops vertically integrated energy storage systems.,Downstream,,unknown,False,False,{},6
5217,"Simpliphi Power, Inc.","Simpliphi Power, Inc.",Cell Assemblies/ Groupings,Packs,Commercial,Oxnard,California,US,34.2043541243129,-119.132623531631,US,18,,,Simpliphi Power develops vertically integrated energy storage systems.,Downstream,,unknown,False,False,{},6
5219,"Soelect, Inc.","Soelect, Inc.",Cell Assemblies/ Groupings,Packs,Commercial,Greensboro,North Carolina,US,36.07,-79.79,US,20,1,GWh/Yr,"Soelect provides dendrite-resistant anode technology and solid-state electrolytes for safe, high-capacity batteries, targeting diverse sectors like EVs and aerospace, with a focus on education and scalable manufacturing.





",Downstream,,naatbatt,False,False,{},4
5220,South 8 Technologies,South 8 Technologies,Manufacturing,Packs,Commercial,San Diego,California,US,32.80351,-117.215,US,,,,"South 8 Technologies develops LiGas®, which is a patented liquefied‑gas electrolyte for lithium‑ion batteries, enabling safer, ultra‑wide‑temperature (–60 °C to +60 °C) performance across defense, aerospace, automotive, and energy applications.",Downstream,,unknown,False,False,{},6
5221,Sparkz Inc.,Sparkz Inc.,Cell Assemblies/ Groupings,Packs,Commercial,Livermore,California,US,37.68,-121.76,US,50,1,GWh/Yr,"Sparkz Inc. is an energy startup focused on developing cobalt-free, high energy-density lithium-ion batteries with a fast formation cycling process that reduces production time significantly.     ",Downstream,,naatbatt,False,False,{},4
5222,Stafl Systems,Stafl Systems San Francisco,Cell Assemblies/ Groupings,Packs,Commercial,South San Francisco,California,US,37.6515744556793,-122.414739688611,US,37,Variable,,"Stafl Systems provides battery packs, battery management systems and powertrain solutions for the aviation, marine, off-highway and defense markets.",Downstream,,naatbatt,False,False,{},4
5223,Stafl Systems,Stafl Systems San Francisco,Non-cell Components,Battery management system,Commercial,South San Francisco,California,US,37.6515744556793,-122.414739688611,US,38,Variable,,"Stafl Systems provides battery packs, battery management systems and powertrain solutions for the aviation, marine, off-highway and defense markets.",Downstream,,naatbatt,False,False,{},4
5226,Stellantis - Samsung SDI Co Ltd,Stellantis-Samsung SDI Kokomo Battery Manufacturing Plant,Cell Assemblies/ Groupings,Modules/ Arrays,Commercial,Kokomo,Indiana,US,40.495539904812,-86.131014737889,"Netherlands,
Republic of Korea",,23,GWh/yr,Stellantis and Samsung SDI invested more than $2.5 billion in joint venture for lithium-ion battery production plant in United States.,Downstream,,naatbatt,False,False,{},4
5227,Stihl,Stihl,Manufacturing,Packs,Commercial,Virginia Beach,Virginia,US,36.81875,-76.06414,US,2700,,,"Stihl is a German manufacturer of outdoor power equipment, known for chainsaws and battery-powered tools, now expanding its lithium-ion product line for professional landscaping, forestry, and residential use.",Downstream,,unknown,False,False,{},6
5228,Stryten Energy,Ottowa Transportation Manufacturing Plant,Cell Assemblies/ Groupings,Packs,Commercial,Ottawa,Ontario,Canada,45.3255969263634,-75.8369008306913,US,,,,"Stryten Energy offers advanced lead, lithium, and vanadium batteries, allowing its customers to select the right chemistry or chemistries to design a solution that best fits their energy needs.",Downstream,,unknown,False,False,{},6
5229,Sungwoo Hitech,Sungwoo Hitech,Manufacturing,Packs,Commercial,Pesqueria,Nuevo León,Mexico,25.78276,-100.05355,South Korea,,,,"Sungwoo Hitech is a South Korean OEM producing automotive body components and increasingly specializing in EV‑relevant systems like battery modules, hydrogen tanks, and smart vehicle assemblies.",Downstream,,unknown,False,False,{},6
5231,TE Connectivity,Empalme Automotive Plant,Non-cell Components,Electrical Systems,Commercial,Empalme,Sonora,Mexico,27.9457475363449,-110.812194,US,,,,"TE Connectivity produces wiring, connectors, and sensing solutions for EV batteries, enhancing durability and efficiency in electric vehicles' electrical systems. 
",Downstream,,unknown,False,False,{},6
5232,TE Connectivity,Hemosillo Automotive Plant,Non-cell Components,Electrical Systems,Commercial,Hermosillo,Sonora,Mexico,29.1889192796664,-111.007330631701,US,175,,,"TE Connectivity produces wiring, connectors, and sensing solutions for EV batteries, enhancing durability and efficiency in electric vehicles' electrical systems. 
",Downstream,,unknown,False,False,{},6
5233,TE Connectivity,Greensboro Automotive Plant,Non-cell Components,Electrical Systems,Commercial,Greensboro,North Carolina,US,36.0778024788067,-79.9735268616718,US,,,,"TE Connectivity produces wiring, connectors, and sensing solutions for EV batteries, enhancing durability and efficiency in electric vehicles' electrical systems. 
",Downstream,,unknown,False,False,{},6
5234,Tenergy Corp,Tenergy Corp,Cell Assemblies/ Groupings,Packs,Commercial,Fremont,California,US,37.4649522950428,-121.918059545037,US,75,,,"Tenergy offers a broad product and technical capabilities in NiMH, Li-Ion, Li-Polymer, LiFePO4 and NiCd battery packs, chargers, power management and other emerging power technologies",Downstream,,unknown,False,False,{},6
5235,Tesla,Gigafactory Texas,Cell Assemblies/ Groupings,Packs,Commercial,Austin,Texas,US,30.23,-97.61,US,800,100,GWh/Yr,"Covering 2,500 acres on the Colorado River is Gigafactory Texas, a 10 million square feet factory, and a U.S. manufacturing hub for Model Y and the home of Cybertruck.",Downstream,,naatbatt,False,False,{},4
5236,Tesla Inc.,Gigafactory 1,Cell Assemblies/ Groupings,Packs,Commercial,Sparks,Nevada,US,39.5376459951667,-119.438986058471,US,600,20,GWh,"Located near Lake Tahoe, Gigafactory Nevada is one of the world's highest volume plants for electric motors, energy storage products, vehicle powertrains and batteries—producing billions of cells per year. ",Downstream,,naatbatt,False,False,{},4
5237,Tesla Inc.,Gigafactory 1,Cell Assemblies/ Groupings,Racks / Cabinets,Commercial,Sparks,Nevada,US,39.5376459951667,-119.438986058471,US,600,20,GWh,"Located near Lake Tahoe, Gigafactory Nevada is one of the world's highest volume plants for electric motors, energy storage products, vehicle powertrains and batteries—producing billions of cells per year. ",Downstream,,naatbatt,False,False,{},4
5239,Tesla Inc.,Tesla Megafactory,Assembly and Integration,Packs Modules,Commercial,Lathrop,California,US,37.8007223192755,-121.288822076386,US,,40,GWh/yr,"Tesla's Powerwall, paired with solar systems, stores energy for anytime use.  Megapack and Powerpack provide massive energy storage, supporting global energy.",Downstream,,naatbatt,False,False,{},4
5241,"TNR Technical, Inc.",TNR Technical,Cell Assemblies/ Groupings,Packs,Commercial,Sanford,Florida,US,28.8095536984856,-81.3170122452564,US,30,,,TNR Technical manufactures brand-name batteries and custom battery packs.,Downstream,,unknown,False,False,{},6
5242,Toyota,Toyota,Manufacturing,Packs,Commercial,Georgetown,Kentucky,US,38.26258,-84.5318,US,,,,"Toyota is a Japanese multinational automaker leading in hybrid vehicles and expanding rapidly into battery electric vehicles, solid-state battery R&D, and global EV production through its Toyota and Lexus brands.",Downstream,,unknown,False,False,{},6
5243,"Trojan Battery Company, LLC","Trojan Battery Company, LLC",Cell Assemblies/ Groupings,Packs,Commercial,Santa Fe Springs,California,US,33.94,-118.07,US,1000,25.6,Volts,"Trojan, a major lead-acid battery producer, has launched Trillium, a line of lithium-ion batteries designed for various applications, offering high efficiency, safety, and a long cycle life expectancy. ",Downstream,,naatbatt,False,False,{},4
5244,UgoWork,UgoWork,Cell Assemblies/ Groupings,Packs,Commercial,Quebec,Quebec,Canada,46.8029729552083,-71.2511615195204,Canada,73,,,"UgoWork specializes in Energy as a Service (EaaS), providing innovative lithium-ion batteries and energy solutions for the material handling industry such as forklifts, enhancing energy efficiency, lowering cost, and adaptability. ",Downstream,,unknown,False,False,{},6
5246,Ultralife Corporation,Ultralife Corporation,Manufacturing,Packs,Commercial,Newark,New York,US,43.02623,-77.09007,US,,,,"Ultralife Corporation designs and manufactures rugged batteries (both rechargeable and non‑rechargeable) and communications systems for defense, energy, medical, and industrial applications globally.",Downstream,,unknown,False,False,{},6
5247,Unitech,Unitech North America Morrison Plant,Manufacturing,Pack materials,Commercial,Morrison,Tennessee,US,35.603,85.9185,South Korea,75,,,"Unitech North America makes thermal adhesives and battery compression pads for EV battery manufacturers, investing $30 million to build its first US facility in Tennessee.",Downstream,,unknown,False,False,{},6
5248,Universal Solutions International,Universal Solutions International,Technology Development,Packs,Commercial,Newport News,Virginia,US,37.08806,-76.4705,US,100,,,"Universal Solutions provides the U.S. Department of Defense with logistics, alternative energy, and unmanned solutions. It is focusing on lithium and hydrogen batteries for defense applications and providing material acquisition for unmanned systems and alternative energy.",Downstream,,unknown,False,False,{},6
5249,Upgrade Energy,Upgrade Energy,Battery Development,Packs,Commercial,El Segundo,California,US,33.9215,-118.397,US,20,12,MWh/yr,"Upgrade Energy manufactures high-performance lithium-ion battery systems for drones and defense. It operates a vertically integrated, U.S.-based production line delivering Department of Defense-grade ruggedized and traceable battery packs.",Downstream,,naatbatt,False,False,{},4
5250,Volkswagen Group,Volkswagen Group,Manufacturing,Packs,Commercial,Chattanooga,Tennessee,US,35.08444,-85.14512,US,,,,"Volkswagen Group is a leading global automaker accelerating its transition to electric mobility with unified prismatic cell production, battery gigafactories, and EV models across VW, Audi, Porsche, and other brands.",Downstream,,unknown,False,False,{},6
5251,Volthium,Volthium,Manufacturing,Packs,Commercial,Sainte-Martine,Quebec,Canada,45.24702,-73.78755,Canada,,,,"Volthium is a Canadian maker of rugged LiFePO₄ batteries—certified UL/ETL, with proprietary SafeCharge technology, which offers high-density, long-life lithium power systems for RVs, solar, nautical, medical, and industrial applications.",Downstream,,unknown,False,False,{},6
5252,Voltronix,Voltronix,Non-cell Components,Battery management system,Commercial,Rancho Santa Margarita,California,US,33.6370993943881,-117.602319545141,US,75,,,"Voltronix, provides durable, high-performance lithium-ion batteries for semi-truck fleets at the LA Port, now supplies batteries and management systems to electric vehicle and energy storage sectors. ",Downstream,,unknown,False,False,{},6
5253,Volvo,Powered 1,Assembly and Integration,Packs Modules,Commercial,Greer,South Carolina,US,34.9037914558796,-82.2236542342408,Sweden,100,1,GWh/yr,"Proterra is powering the shift to electric with quiet transportation with innovative technologies, providing safer and reliable options.",Downstream,,naatbatt,False,False,{},4
5254,Volvo Group,Volvo Group,Manufacturing,Packs,Commercial,Greer,South Carolina,US,34.90963,-82.22217,Sweden,,,,"Volvo Trucks is a global leader in heavy-duty commercial vehicles, advancing battery-electric and fuel cell truck platforms, with in-house battery pack assembly and a strong focus on transport solutions.",Downstream,,unknown,False,False,{},6
5255,Wabtec Corp.,Wabtec Corp.,Cell Assemblies/ Groupings,Packs,Commercial,Pittsburgh,Pennsylvania,US,40.448261170753,-80.0031396018839,US,300,,,"Wabteco, specializes in rail and transit solutions, including the development of innovative battery and energy storage technologies for rail such as FLXdrive battery-electric locomotive to lower fuel consumption.
",Downstream,,unknown,False,False,{},6
5256,Wakefield Thermal,Wakefield Thermal Nashua Facility,Cooling plates,Pack materials,Commercial,Nashua,New Hampshire,US,42.7936,-71.5034,US,600,,,"Wakefield Thermal designs and manufactures battery cooling systems including heat sinks, cold plates, and enclosures for EV and energy storage applications.",Downstream,,unknown,False,False,{},6
5257,Wieland MicroCool,Wieland MicroCool Decatur Plant,Cooling plates,Pack materials,Commercial,Decatur,Alabama,US,34.6148,86.9687,Germany,,,,Wieland MicroCool provides high-performance microchannel cold plates and liquid cooling solutions for EV and stationary battery thermal management systems.,Downstream,,unknown,False,False,{},6
5264,Yotta Energy,Yotta Energy,Cell Assemblies/ Groupings,Packs,Commercial,Austin,Texas,US,30.2072175137388,-97.7160935695462,US,20,,,Yotta develops a range of distributed energy technologies. SolarLEAF is a lithium energy storage technology to directly integrate with solar modules with a uniquely atent heat  thermal management.,Downstream,,unknown,False,False,{},6
5265,"Zakuro, Inc.","Zakuro, Inc.",Cell Assemblies/ Groupings,Packs,Commercial,Ann Arbor,Michigan,US,42.28,-83.74,US,6,,,"Zakuro develop solid-state energy storage eliminating the flammable liquid electrolyte of lithium-ion batteries. existing manufacturing capability to lower cost and speed adoption rates, enabling batteries with a lithium metal anode. ",Downstream,,unknown,False,False,{},6
5266,Zeus Battery Products,Zeus Battery Products,Cell Assemblies/ Groupings,Packs,Commercial,Bloomingdale,Illinois,US,41.9482,-88.1239,US,75,,,"ZEUS manufactures and assemble battery packs from cells with experience encompassing unique designs, including extensive experience with all chemistries such as various lithium-ion formulations, nickel metal hydride, and lead-acid .",Downstream,,unknown,False,False,{},6
11001,"Battery Technology, Inc. (BTI)",,Distributor,Replacement Batteries for Consumer electronics,Commercial, City of Industry,California,US,34.00302559335,-117.944598374862,US,100,,,"
Battery Technology, Inc. supplies replacement batteries and AC power adapters for notebooks, digital cameras, PDAs, mobile devices, and APC UPS systems globally.",Midstream-BGM,non_active_material,unknown,False,False,{},10
11002,MSE Supplies LLC,,Battery materials,Cathode; Anode; Electrolyte; Current collectors,Commercial,Tucson,Arizona,US,32.1352199284445,-110.919397829804,US,13,,,"MSE Supplies offers advanced materials such those for lithium-ion batteries, laboratory equipment, and analytical services, focusing on quality and value to support global scientific and engineering innovations.",Midstream-BGM,electrolyte,unknown,False,False,{},10
11003,MSE Supplies LLC,,Manufacturing & testing equipment,Battery manufacturing and testing equipment,Commercial,Tucson,Arizona,US,32.1352199284445,-110.919397829804,US,13,,,"MSE Supplies offers advanced materials such those for lithium-ion batteries, laboratory equipment, and analytical services, focusing on quality and value to support global scientific and engineering innovations.",Midstream-BGM,non_active_material,unknown,False,False,{},10
11004,"Pale Blue Earth, Inc.",,Consumer Batteries,USB Rechargeable Lithium-polymer batteries,Commercial,Park City,Utah,US,40.7483996911779,-111.563123520367,US,10,,,"Pale Blue Earth Inc. produces USB-rechargeable lithium-ion batteries as eco-friendly alternatives to disposable batteries, focusing on sustainability and efficiency.",Midstream-Cell,lithium,unknown,False,True,"{""lithium"": ""Other / Diversified""}",10
11007,Targray Technology International Inc.,,Liquid electrolyte,Liquid electrolyte,Commercial,Kirkland,Quebec,Canada,45.4456782769939,-73.8750202868265,Canada,20,,,"Targray Technology International Inc. specializes in sourcing and supplying advanced materials for renewable energy, battery storage, biofuels, and optical media industries.",Midstream-BGM,electrolyte,unknown,False,False,{},10
11008,Targray Technology International Inc.,,Cathode,Nickel manganese cobalt,Commercial,Kirkland,Quebec,Canada,45.4456782769939,-73.8750202868265,Canada,20,,,"Targray Technology International Inc. specializes in sourcing and supplying advanced materials for renewable energy, battery storage, biofuels, and optical media industries.",Midstream-BGM,"cobalt,nmc,nickel,manganese,lithium",unknown,True,True,"{""cobalt"": ""Other / Diversified"", ""nickel"": ""Other / Diversified"", ""manganese"": ""Africa (South Africa, Gabon)"", ""lithium"": ""Australia""}",17
11009,Targray Technology International Inc.,,Cathode,Lithium nickel cobalt aluminum oxide,Commercial,Kirkland,Quebec,Canada,45.4456782769939,-73.8750202868265,Canada,20,,,"Targray Technology International Inc. specializes in sourcing and supplying advanced materials for renewable energy, battery storage, biofuels, and optical media industries.",Midstream-BGM,"cobalt,nca,lithium,nickel",unknown,True,True,"{""cobalt"": ""Democratic Republic of the Congo"", ""lithium"": ""Chile"", ""nickel"": ""Indonesia""}",17
11010,Targray Technology International Inc.,,Cathode,Lithium-ion manganese oxide,Commercial,Kirkland,Quebec,Canada,45.4456782769939,-73.8750202868265,Canada,20,,,"Targray Technology International Inc. specializes in sourcing and supplying advanced materials for renewable energy, battery storage, biofuels, and optical media industries.",Midstream-BGM,"lithium,manganese",unknown,False,True,"{""lithium"": ""Australia"", ""manganese"": ""Africa (South Africa, Gabon)""}",15
11011,Targray Technology International Inc.,,Cathode,Lithium cobalt oxide,Commercial,Kirkland,Quebec,Canada,45.4456782769939,-73.8750202868265,Canada,20,,,"Targray Technology International Inc. specializes in sourcing and supplying advanced materials for renewable energy, battery storage, biofuels, and optical media industries.",Midstream-BGM,"cobalt,lithium",unknown,True,True,"{""cobalt"": ""Other / Diversified"", ""lithium"": ""Chile""}",15
11012,Targray Technology International Inc.,,Anode,Synthetic graphite,Commercial,Kirkland,Quebec,Canada,45.4456782769939,-73.8750202868265,Canada,20,,,"Targray Technology International Inc. specializes in sourcing and supplying advanced materials for renewable energy, battery storage, biofuels, and optical media industries.",Midstream-BGM,graphite,unknown,False,True,"{""graphite"": ""China""}",15
11013,"Univar Solutions, Inc.",,Univar,"Chemicals, Material supplier ",Commercial,Downders Grove,Illinois,US,41.8328471324666,-88.005195915935,US,5000,,,"Univar Solutions is a distributor of specialty chemicals and ingredients used in lithium-ion material processing and offers the latest ingredients with sustainable solutions. 
",Downstream,,unknown,False,False,{},6
11014,Vertical Partners West LLC,,Prismatic pouch cells,Lithium cobalt oxide,Commercial,Rathdrum,Idaho,US,47.7995294478045,-116.890487086329,US,20,,,"Vertical Partners West, LLC specializes in designing, developing, and distributing advanced rechargeable batteries, BMS, and accessories for drones, UAVs, robotics, and radio-controlled models selling NiMH and Lithium-Ion cells.",Midstream-Cell,"cobalt,lithium",unknown,True,True,"{""cobalt"": ""Democratic Republic of the Congo"", ""lithium"": ""Argentina""}",15
11015,Vertical Partners West LLC,,Prismatic metal can cells,Lithium iron phosphate,Commercial,Rathdrum,Idaho,US,47.7995294478045,-116.890487086329,US,20,,,"Vertical Partners West, LLC specializes in designing, developing, and distributing advanced rechargeable batteries, BMS, and accessories for drones, UAVs, robotics, and radio-controlled models selling NiMH and Lithium-Ion cells.",Midstream-Cell,"lfp,lithium",unknown,False,True,"{""lithium"": ""China""}",12
11016,Vertical Partners West LLC,,Cylindrical cells,Nickel manganese cobalt,Commercial,Rathdrum,Idaho,US,47.7995294478045,-116.890487086329,US,20,,,"Vertical Partners West, LLC specializes in designing, developing, and distributing advanced rechargeable batteries, BMS, and accessories for drones, UAVs, robotics, and radio-controlled models selling NiMH and Lithium-Ion cells.",Midstream-Cell,"cobalt,nmc,nickel,manganese,lithium",unknown,True,True,"{""cobalt"": ""Democratic Republic of the Congo"", ""nickel"": ""Indonesia"", ""manganese"": ""Australia"", ""lithium"": ""Other / Diversified""}",15
11017,Vertical Partners West LLC,,Cylindrical cells,Lithium-ion manganese oxide,Commercial,Rathdrum,Idaho,US,47.7995294478045,-116.890487086329,US,20,,,"Vertical Partners West, LLC specializes in designing, developing, and distributing advanced rechargeable batteries, BMS, and accessories for drones, UAVs, robotics, and radio-controlled models selling NiMH and Lithium-Ion cells.",Midstream-Cell,"lithium,manganese",unknown,False,True,"{""lithium"": ""Australia"", ""manganese"": ""Africa (South Africa, Gabon)""}",13
11018,Vertical Partners West LLC,,Cylindrical cells,Lithium cobalt oxide,Commercial,Rathdrum,Idaho,US,47.7995294478045,-116.890487086329,US,20,,,"Vertical Partners West, LLC specializes in designing, developing, and distributing advanced rechargeable batteries, BMS, and accessories for drones, UAVs, robotics, and radio-controlled models selling NiMH and Lithium-Ion cells.",Midstream-Cell,"cobalt,lithium",unknown,True,True,"{""cobalt"": ""Democratic Republic of the Congo"", ""lithium"": ""Australia""}",15
11019,Vertical Partners West LLC,,Cylindrical cells,Lithium iron phosphate,Commercial,Rathdrum,Idaho,US,47.7995294478045,-116.890487086329,US,20,,,"Vertical Partners West, LLC specializes in designing, developing, and distributing advanced rechargeable batteries, BMS, and accessories for drones, UAVs, robotics, and radio-controlled models selling NiMH and Lithium-Ion cells.",Midstream-Cell,"lfp,lithium",unknown,False,True,"{""lithium"": ""Chile""}",10
11020,Vertical Partners West LLC,,Cell groupings,Prismatic cell modules - battery management system,Commercial,Rathdrum,Idaho,US,47.7995294478045,-116.890487086329,US,20,,,"Vertical Partners West, LLC specializes in designing, developing, and distributing advanced rechargeable batteries, BMS, and accessories for drones, UAVs, robotics, and radio-controlled models selling NiMH and Lithium-Ion cells.",Midstream-Cell,non_active_material,unknown,False,False,{},8
11021,Voltronix,,Other/ unknown cells,Lithium iron phosphate,Commercial,Rancho Santa Margarita,California,US,33.6370993943881,-117.602319545141,US,30,,,"Voltronix delivers high-performance lithium-ion batteries and management systems for electric vehicles and energy storage, growing significantly since its inception at the LA Port.",Midstream-Cell,"lfp,lithium",unknown,False,True,"{""lithium"": ""Chile""}",10
3001,3M,3M Guin,Other,Thermal Systems,Commercial,Guin,Alabama,US,33.9660593732824,-87.8987665038657,US,,,,3M applies science in collaborative ways to improve lives daily. ,Midstream-BGM,non_active_material,unknown,False,False,{},10
3002,3M,3M Cottage Grove,Other,Thermal Systems,Commercial,Cottage Grove,Minnesota,US,44.7944413058236,-92.9134944576041,US,,,,3M applies science in collaborative ways to improve lives daily. ,Midstream-BGM,non_active_material,unknown,False,False,{},10
3003,3M,3M Springfield,Non-cell Components,Safety Systems,Commercial,Springfield,Missouri,US,37.2123557132157,-93.2278520154458,US,,,,3M applies science in collaborative ways to improve lives daily. ,Midstream-Cell,non_active_material,unknown,False,False,{},8
3004,"ADA Technologies, Inc.","ADA Technologies, Inc.",Non-cell Components,Thermal Systems,Commercial,Littleton,Colorado,US,39.5696757731685,-105.123557758548,US,20,,,ADA Technologies manufactures innovative products for advanced markets.,Midstream-Cell,non_active_material,unknown,False,False,{},8
3005,Addionics ,Addionics ,Current collectors,Copper,Commercial,Cupertino,California,US,37.323662536028,-122.028407830994,UK,,13400,MT/yr,"Addionics provides specialized technology  redesigning battery architecture. Its Smart 3D Current Collectors™ fabrication method enhances battery performance: capacity, safety, charging time, lifetime, and cost of the batteries.",Midstream-BGM,"copper_foil,copper",naatbatt,True,True,"{""copper_foil"": ""China""}",11
3006,Alkegen,Alkegen Summerville Plant,Separators,Separators,Commercial,Summerville,South Carolina,US,33.0247,-80.1247,US,100,2,mm^2/yr,Alkegen is a global leader in high-performance specialty materials created by the merger of Unifrax and Lydall. The company focuses on breakthrough technologies for battery energy storage.,Midstream-BGM,separator,naatbatt,True,True,"{""separator"": ""China""}",11
3007,American Energy Technologies Company,AETC Wheeling Manufacturing Facility,Anode,Graphite powders,Commercial,Wheeling,Illinois,US,42.1386,-87.9287,US,19,2,KT/yr,AETC is a small business specializing in advanced carbon and graphite materials. It provides a full vertical from raw material purification and spheronization to battery cell prototyping and forensic analysis.,Midstream-BGM,graphite,naatbatt,False,True,"{""graphite"": ""China""}",13
3011,Arkema,Arkema - Calvert City manufacturing plant,Electrode materials,Binders,Commercial,Calvert City,Kentucky,US,37.0497761391485,-88.3662526870826,US,252,,,"Arkema's High Performance Polymers business unit is a leading global supplier of Fluoropolymer, Specialty Polyamide, and Polyketone materials.",Midstream-BGM,pvdf,unknown,True,True,"{""pvdf"": ""China""}",13
3012,Arkema,Arkema - Bostik Adhesives,Electrode materials,Adhesives,Commercial,Wauwatosa,Wisconsin,US,43.0460964282914,-88.0549381265251,US,270,,,"Arkema's High Performance Polymers business unit is a leading global supplier of Fluoropolymer, Specialty Polyamide, and Polyketone materials.",Midstream-BGM,pvdf,unknown,True,True,"{""pvdf"": ""China""}",13
3013,ArlanXEO,Arlanxeo,Cell components,"Rubber for battery caps, battery cell components, packers ",Commercial,Sarina,Ontario,Canada,42.94100969929,-82.4224148883643,NE,300,,,"ARLANXEO is one of the world's largest producers of synthetic rubber and a wholly owned subsidiary of Saudi Aramco, a leading producer of energy and chemicals.",Midstream-Cell,non_active_material,unknown,False,False,{},8
3014,Armor Battery Films,Armor Battery Films,Other,En' Safe® primed aluminum and copper foils,Commercial,Hebron,Kentucky,US,39.0792728994091,-84.6660802465237,France,,,,Armor Battery Films produces En' Safe® primed foils to improve battery performance.,Midstream-BGM,"copper_foil,aluminum_foil,copper",unknown,True,True,"{""copper_foil"": ""South Korea / Japan"", ""aluminum_foil"": ""Europe""}",11
3015,Asahi Kasei Honda Battery Separator Corp ,Celgard Charlotte Plant,Separators,Separators,Commercial,Charlotte,North Carolina,US,35.1015,-80.971,Japan,350,,mm^2/yr,Asahi Kasei and Honda are converting an existing Asahi Kasei subsidiary in Canada into a joint venture for lithium-ion battery separator production. ,Midstream-BGM,separator,unknown,True,True,"{""separator"": ""China""}",13
3016,"Automat Solutions, Inc",Automat Solutions,Electrolyte (liquid),Electrolyte,Commercial,San Leandro,California,US,37.7175,-122.1558,US,5,,,Automat is a U.S. battery electrolyte material developer and supplier that employs an AI-Robotics platform to accelerate the discovery and production of high-performance electrolyte chemistries.,Midstream-BGM,electrolyte,unknown,False,False,{},10
3017,Avery Dennison Corp,Performance Tapes Division,Cell components,Adhesives,Commercial,Painesville,Ohio,US,41.7277,-81.2435,US,,,,"Avery Dennison is a global materials science company specializing in the design and manufacture of a wide variety of labeling and functional materials, including advanced solutions for the battery industry.",Midstream-Cell,non_active_material,unknown,False,False,{},8
3018,Aypa Power,Aypa Power,Other,Energy storage products,Commercial,Austin,Texas,US,30.4026,-97.726,US,175,,,"Aypa Power, a Blackstone portfolio company, develops, owns, and operates utility-scale energy storage and hybrid renewable energy projects across North America to help decarbonize the grid.",Midstream-BGM,non_active_material,unknown,False,False,{},10
3019,Aypa Power,Aypa Power,Other,Energy storage products,Commercial,Toronto,Ontario,Canada,43.6506,-79.3784,US,,,,"Aypa Power, a Blackstone portfolio company, develops, owns, and operates utility-scale energy storage and hybrid renewable energy projects across North America to help decarbonize the grid.",Midstream-BGM,non_active_material,unknown,False,False,{},10
3020,BASF,Geismar,Electrolyte (liquid),Solvents,Commercial,Geismar,Louisiana,US,30.1901518954691,-91.0115081179418,Germany,2200,,,"BASF is a global chemicals company with customers in almost every country. Its portfolio comprises six segments: chemicals, materials, industrial solutions, surface technologies, nutrition and care, and agricultural solutions. ",Midstream-BGM,electrolyte,unknown,False,False,{},10
3021,Birla Carbon,Birla Carbon,Electrode materials,Additives,Commercial,Centerville,Louisiana,US,29.6820282247209,-91.4563846740518,US,150,,,"Birla Carbon is one of the largest manufacturers and suppliers of high-quality carbon black additives globally, making products stronger, lighter and longer lasting.",Midstream-BGM,cnt,unknown,False,False,{},10
3022,Black Diamond Structures,Black Diamond Campus,Electrode materials,Additives,Commercial,Austin,Texas,US,30.2288207508927,-98.0047904025968,US,22,3,million L/yr,Black Diamond Structures is a global nanotechnology leader with the mission to help manufacturers create the next generation of world-class batteries.,Midstream-BGM,,naatbatt,False,False,{},8
3025,Cabot Corp.,Cabot Pampa,Electrode materials,"Conductive additives, fumed metal oxides, and aerogel",Commercial,Pampa,Texas,US,35.5102384491897,-101.014396617812,US,100,,,"Cabot Corporation is a specialty chemicals and performance materials company, providing conductive additives, fumed metal oxides for battery component stability, and aerogel to mitigate thermal runaway.",Midstream-BGM,cnt,unknown,False,False,{},10
3029,CBC America,CBC America,Other,Aluminum laminated film,Commercial,Torrance,California,US,33.8363176083838,-118.31060513144,Singapore,,,,"CBC America supplies materials and technologies for the lithium-ion battery industry, including components for battery cells and aluminum laminated film for battery pouches.",Midstream-BGM,aluminum_foil,unknown,True,True,"{""aluminum_foil"": ""China""}",13
3030,"Celgard, LLC","Celgard, LLC - Charlotte Manufacturing Facility",Separators,Separators,Commercial,Charlotte,North Carolina,US,35.1088675784722,-80.9614287459986,US,,150,million sq m/yr,Celgard is a proven global leader in the development and production of high-performance membrane technology. Its products are used in a broad range of energy storage and other barrier-type applications.,Midstream-BGM,separator,naatbatt,True,True,"{""separator"": ""Japan / South Korea""}",9
3031,"Celgard, LLC","Celgard, LLC - Concord Manufacturing Facility",Separators,Separators,Commercial,Concord,North Carolina,US,35.4188516369335,-80.6600789846105,US,336,60,million sq m/yr,Celgard is a proven global leader in the development and production of high-performance membrane technology. Its products are used in a broad range of energy storage and other barrier-type applications.,Midstream-BGM,separator,naatbatt,True,True,"{""separator"": ""Japan / South Korea""}",9
3032,"Chang Chun Petrochemical Co., Ltd.",Chang Chun Chemical Corporation,Current collectors,Copper,Commercial,Wexford ,Pennsylvania,US,40.6079039396312,-80.0530455633495,Taiwan,,50000,MT/yr,"Chang Chun Petrochemical Co., Ltd. operates petrochemical products production businesses. The company produces polyvinyl alcohols, butanediol, propylene alcohols, and other products such as copper foils for LIBS.",Midstream-BGM,"copper_foil,copper",naatbatt,True,True,"{""copper_foil"": ""South Korea / Japan""}",9
3033,Current Chemicals,Ivanhoe Road Plant,Electrolyte (liquid),Liquid electrolyte,Commercial,Cleveland,Ohio,US,41.5516,-81.569,US,30,,,Current Chemicals is a specialty materials manufacturer that processes wet precipitation and solid-state chemical processing from lab scale through scale-up to specialty and bulk production.,Midstream-BGM,electrolyte,unknown,False,False,{},10
3036,Daikin America,Daikin Decatur Battery Material Manufacturing Plant,Electrode materials,Additives,Commercial,Decatur,Alabama,US,34.6301904109474,-87.0404538912049,US,400,2000,MT/yr,"Daikin America is the world's foremost developer and manufacturer of fluorochemical products for a variety of industries, including lithium-ion batteries,",Midstream-BGM,pvdf,naatbatt,True,True,"{""pvdf"": ""Europe / Japan""}",9
3037,Denkai America,Denkai America Inc. Manufacturing Headquarters,Current collectors,Copper,Commercial,Camden,South Carolina,US,34.2452135755931,-80.6371728952935,US,75,4000,MT/yr,"Denkai America is a leader in the manufacture of high-quality electrodeposited copper foils for printed circuit board, industrial, and energy storage applications.",Midstream-BGM,"copper_foil,copper",naatbatt,True,True,"{""copper_foil"": ""China""}",11
3040,"Dukosi, Inc.",Dukosi,Other,Cell Monitor Integrated Circuits; System Hub Integrated Circuit; Embedded Firmware,Commercial,Royal Oak,Michigan,US,42.4884285451677,-83.1445882037093,UK,,,,"Dukosi provides a unique cell monitoring platform based on intelligent chip-on-cell technology and contactless near field communication for EVs, industrial transportation, and stationary energy storage markets.",Midstream-BGM,non_active_material,unknown,False,False,{},10
3041,"Duksan Electera America, Inc.",Duksan Electera Tennessee  Plant,Electrolyte (liquid),Liquid electrolyte,Commercial,Shelbyville,Tennessee,US,35.5733416000809,-86.4532116957771,South Korea,100,60000,MT/yr ,"Duksan Electera America, Inc. is investing in a North American manufacturing plant for the production of several product lines of electrolyte solution for lithium-ion electrolytic cells. ",Midstream-BGM,electrolyte,naatbatt,False,False,{},8
3042,DuPont,DuPont Various,Electrode materials,Additives,Commercial,Wilmington,Delaware,US,39.7556329860892,-75.6050749295557,US,2700,,,Dupont focuses on technology leadership and innovation capabilities in chemical production. Its production and development centers on electronics and next-generation automotives.,Midstream-BGM,,unknown,False,False,{},10
3045,Enchem America LLC,Enchem Georgia Electrolyte Manufacturing Plant,Electrolyte (liquid),Liquid electrolyte,Commercial,Commerce,Georgia,US,34.1737729845799,-83.4361416159946,Republic of Korea,300,20000,MT/yr,Enchem America specializes in the development and manufacturing of electrolytes for rechargeable batteries and electrostatic double-layer capacitors at its first facility in the United States.,Midstream-BGM,electrolyte,naatbatt,False,False,{},8
3051,ENTEK,Entek Oregon Separator Material Manufacturing Plant,Separators,Separators,Commercial,Lebanon,Oregon,US,44.5490523678093,-122.919762207686,US,460,50,MT/yr,"ENTEK sells lead-acid separators, lithium-ion separators, extruders, and engineering services globally through in-house engineering, machining, and fabrication resources. ",Midstream-BGM,separator,naatbatt,True,True,"{""separator"": ""Japan / South Korea""}",9
3054,ENTEK,ENTEK Henderson Plant,Separators,Separators,Commercial,Henderson,Nevada,US,36.0345,-115.0455,US,100,50,mm^2/yr,"ENTEK sells lead-acid separators, lithium-ion separators, extruders, and engineering services globally through in-house engineering, machining, and fabrication resources. ",Midstream-BGM,separator,naatbatt,True,True,"{""separator"": ""China""}",11
3056,Gränges,Gränges,Current collectors,Aluminum,Commercial, Newport,Arkansas,US,35.9476638552138,-86.8086941503606,Sweden,,20000,MT/yr,Gränges is one of the industry leaders in aluminum rolling and recycling in selected niches. It produces aluminum current collectors for LIBs. ,Midstream-BGM,aluminum_foil,naatbatt,True,True,"{""aluminum_foil"": ""China""}",11
3057,Green New Energy Materials,North Carolina Manufacturing Facility,Separators,Separators,Commercial,Denver,North Carolina,US,35.5326,-81.0253,China ,545,1,mm^2/yr,"Green New Energy Materials manufactures advanced, high-performance battery separator products for the lithium-ion battery industry, serving customers in the EV and energy storage sectors.",Midstream-BGM,separator,naatbatt,True,True,"{""separator"": ""China""}",11
3059,"Halocarbon, LLC","North Augusta, SC Manufacturing Plant",Electrode materials,Additives,Commercial,Beech Island,South Carolina,US,33.4774610169082,-81.9317666850472,US,,10000,MT/yr,"Halocarbon utilizes high-purity fluorochemistry to make products safer, longer lasting, and higher performing.",Midstream-BGM,,naatbatt,False,False,{},8
3060,Honeywell International,Buffalo Research Lab,Electrolyte (liquid),Liquid electrolyte,Commercial,Buffalo,New York,US,42.8681620642129,-78.8403631004022,US,170,,,"Honeywell is a technology company offering industry-specific solutions, including integrated manufacturing systems for the lithium-ion battery industry; aerospace products and services; control technologies; and performance materials globally.",Midstream-BGM,electrolyte,unknown,False,False,{},10
3061,Honeywell International,Honeywell International,Electrolyte (liquid),Lithium salt; Liquid electrolyte,Commercial,Charlotte,North Carolina,US,35.2241414389552,-80.8513576482484,US,1300,,,"Honeywell is a technology company offering industry-specific solutions, including integrated manufacturing systems for the lithium-ion battery industry; aerospace products and services; control technologies; and performance materials globally.",Midstream-BGM,"lithium,electrolyte",unknown,False,True,"{""lithium"": ""Australia""}",12
3063,Huntsman Petrochemical LLC,Conroe Plant,Electrolyte (liquid),Solvents; other battery materials ,Commercial,Conroe,Texas,US,30.3138580726172,-95.388507847018,US,175,36287,MT/yr,"Huntsman Petrochemical is a global chemicals company focused on the production of MDI-based polyurethanes, advanced materials, and performance products in diverse markets. Has started looking into materials for Evs",Midstream-BGM,electrolyte,naatbatt,False,False,{},8
3064,"Hyundai MOBIS North America Electrified Powertrain, LLC",Belfast Commerce Park Plant,Other,"PE Systems, ICCUs",Commercial,Richmond Hill,Georgia,US,31.9324,-81.3026,South Korea,1500,,,"Hyundai Mobis is a global auto parts vendor, focusing on autonomous driving, connectivity and electrification to be a leader in the era of smart mobility.",Midstream-BGM,non_active_material,unknown,False,False,{},10
3065,Intriplex,"IntriPlex Technologies
",Cell components,Cell lid assemblies,Commercial,Santa Barbara,California,US,34.42932256164,-119.824201069318,Singapore,35,,,"IntriPlex Technologies excels in precision metal stamping for lithium-ion batteries, including exclusive U.S.-manufactured cylindrical battery lids.",Midstream-Cell,non_active_material,unknown,False,False,{},8
3067,Kureha,Kureha Chattanooga Plant,PVDF Binder,Cell materials,Commercial,Chattanooga,Tennessee,US,35.0768,-85.2532,US,,,,"Kureha America produces PVDF binders for lithium-ion batteries, enhancing electrode adhesion, chemical resistance, and cycle life in EV and energy storage applications.",Midstream-BGM,pvdf,unknown,True,True,"{""pvdf"": ""Europe / Japan""}",11
3069,Li-Metal Corp.,Li-Metal Corp.,Anode,Lithium foil,Commercial,Markham,Ontario,Canada,43.8330878828295,-79.3417379190846,Canada,50,,,"
Li-Metal's patent-pending technologies enable scalable, cost-effective production of lithium anodes and lithium metal from widely available feedstocks, revolutionizing next-generation battery manufacturing.",Midstream-BGM,lithium,unknown,False,True,"{""lithium"": ""Argentina""}",12
3071,Lotte Aluminum Materials USA LLC,Lotte Aluminum Materials USA LLC,Current collectors,Aluminum,Commercial,Elizabethtown,Kentucky,US,37.6711058803105,-85.9364583380651,Republic of Korea,122,36000,MT/yr,"Lotte Aluminum has been involved in the aluminum foil industry in Korea for a long time. In the United States, it is producing current collectors for secondary batteries such as LIBs. ",Midstream-BGM,aluminum_foil,naatbatt,True,True,"{""aluminum_foil"": ""Europe""}",9
3076,MU Ionic Solutions,Mitsubishi Chemical Memphis Lithium-ion Battery Material Manufacturing Plant I-III,Electrolyte (liquid),Liquid electrolyte,Commercial,Memphis,Tennessee,US,30.3139229060326,-95.3885507621194,Japan,350,17000,MT/yr,"Mitsubishi Chemical Group provides diverse solutions in performance products, industrial materials, and healthcare.  The American division imports products developed and produced in Japan for a variety of industries. '",Midstream-BGM,electrolyte,naatbatt,False,False,{},8
3078,Natrion,Natrion Cheektowaga Production Facility,Separators,Separators,Commercial,Cheektowaga,New York,US,42.8988,-78.7845,US,20,0,mm^2/yr,Natrion is a battery technology pioneer specializing in solid-state electrolyte separators.,Midstream-BGM,separator,naatbatt,True,True,"{""separator"": ""Other / Diversified""}",9
3080,"Nouryon Chemicals, LLC","Nouryon Chemicals, LLC",Other,Sodium hydrosulfide,Commercial,Axis,Alabama,US,30.9684132652942,-88.0267983177402,NE,150,,,"Nouryon is a global, specialty chemicals leader. It provides solutions in industries such as personal care, cleaning goods, paints and coatings, agriculture and food, pharmaceuticals, and building products. ",Midstream-BGM,,unknown,False,False,{},10
3081,"Nouryon Chemicals, LLC","Nouryon Chemicals, LLC",Other,Colloidal silica,Commercial,Green Bay,Wisconsin,US,44.5811075650824,-88.0629016260384,NE,30,,,"Nouryon is a global, specialty chemicals leader. It provides solutions in industries such as personal care, cleaning goods, paints and coatings, agriculture and food, pharmaceuticals, and building products. ",Midstream-BGM,,unknown,False,False,{},10
3082,Orbia,Orbia,Electrolyte,Custom electrolyte solutions,Commercial,Madison,Wisconsin,US,43.1255,-89.3094,US,,,,,Midstream-BGM,electrolyte,unknown,False,False,{},10
3084,Parker LORD,Parker LORD Saegertown,Electrode materials,Adhesives,Commercial,Saegertown,Pennsylvania,US,41.7147341501273,-80.1435578887988,US,230,,,"Parker Lord manufactures and develops adhesives, coatings, thermal management materials, motion management devices, and sensing technologies to significantly reduce risk and improve performance.",Midstream-BGM,,unknown,False,False,{},10
3085,PPG,Various,Electrode materials,Other,Commercial,Pittsburgh,Pennsylvania,US,40.4401186806929,-80.0034466160411,US,2573,,,"PPG provides industrial paints, coatings, and special materials in transportation, consumer products, and construction markets. ",Midstream-BGM,,unknown,False,False,{},10
3086,Redwood Materials,Redwood Materials,Current collectors,Copper,Commercial,Carson City,Nevada,US,39.2003197159616,-119.736558077491,US,707,72000,MT/yr,Redwood recycles lithium-ion batteries and produces battery materials for electromobility and electrical storage systems. Redwood extracts various materials such as copper and cathode precursors for reintroduction to the supply chain.,Midstream-BGM,"copper_foil,copper",naatbatt,True,True,"{""copper_foil"": ""Other / Diversified""}",9
3087,Sakuu Corp,Sakuu,Other,Kavian™ 3D printing platform; Cypress® Li-Metal battery cells,Commercial,San Jose,California,US,37.2613744139406,-121.784331857672,US,60,,,"Sakuu is a leader in battery innovation, offering advanced solutions like the Kavian platform for sustainable, high-volume electrode printing and Cypress Li-Metal Cell technology for superior battery performance.",Midstream-BGM,lithium,unknown,False,True,"{""lithium"": ""Argentina""}",12
3088,Schlenk Metallfolien GmbH & Co. KG,Schlenk North America HQ,Cell components,Rolled copper and nickel anode foils and tabs,Commercial,Ashland,Massachusetts,US,42.2444320845953,-71.4341429890105,Germany,,3000,MT/yr,"Schlenk produces metal effect pigments, aluminum, copper and copper alloy powders for technical purposes as well as metal foils and strips for a wide variety of industries.",Midstream-Cell,"nickel,copper_foil,copper",unknown,True,True,"{""nickel"": ""Indonesia"", ""copper_foil"": ""China""}",10
3093,Soulbrain MI,Soulbrain MI Northville Lithium-ion Electrolyte Material Manufacturing Plant,Electrolyte (liquid),Liquid electrolyte,Commercial,Northville,Michigan,US,42.395464082677,-83.5069830537736,Republic of Korea,63,30000,MT/yr,"Soulbrain MI is the North American headquarters for lithium-ion electrolyte production and research and development.  It is a full-production facility, manufacturing optimal electrolytes for lithium-ion batteries. ",Midstream-BGM,electrolyte,naatbatt,False,False,{},8
3094,Soulbrain MI,Soulbrain MI Kokomo Lithium-ion Electrolyte Material Manufacturing Plant,Electrolyte (liquid),Liquid electrolyte,Commercial,Kokomo,Indiana,US,40.5145,86.115,Republic of Korea,75,40000,MT/yr,"Soulbrain MI is the North American headquarters for lithium-ion electrolyte production and research and development.  It is a full-production facility, manufacturing optimal electrolytes for lithium-ion batteries. ",Midstream-BGM,electrolyte,naatbatt,False,False,{},8
3097,Syensqo,Syensqo West Deptford Plant,Electrode materials,Binders - PVDF,Commercial,West Deptford,New Jersey,US,39.8467215526438,-75.2119649596667,Belgium,,,,Syensqo is a global science leader and a spin-off from the Solvay Group (December 2023). The company focuses on specialty materials including high-performance polymers and composite materials.,Midstream-BGM,pvdf,unknown,True,True,"{""pvdf"": ""China""}",13
3098,The Chemours Company,Washington Works,Electrode materials,Binders,Commercial,Washington,West Virginia,US,39.2662046079445,-81.6656442277202,US,1500,,,"Chemours is a chemistry company serving diverse industries. Its recent focus has been environmentally friendly technologies including electric vehicles, clean energy, coatings for advanced infrastructure, and energy-efficient cooling. ",Midstream-BGM,,unknown,False,False,{},10
